eliminado,fecha_creacion,id,tipo_impuesto_id,nombre,codigo
true,2025-03-11T22:43:51.311,1,1,Aceta,001
true,2025-03-12T07:56:02.401,2,1,Electrolit,002
false,2025-03-12T10:04:39.857,3,2,Mareol ,7 702132 004484
true,2025-03-12T11:17:23.875,4,2,Acetaminufen,7706569020659
false,2025-03-12T12:48:13.281,5,2,Azitromicina 500 MG X  3 tabletas - AG,7706569001245
false,2025-03-12T13:08:39.931,6,2,Acetaminofen- ag- caja por 100 tabletas,7 706569020659
false,2025-03-12T13:56:53.305,7,1,Talco mexsana - x 85g,2204
false,2025-03-12T14:01:41.685,8,1,Talco lady mexsana  -x 85g,7702123012870
false,2025-03-12T14:05:11.190,9,1,Talco powder fresh women  x 85g,7709990468151
false,2025-03-12T14:09:44.139,10,1,Talco secco x 85g- bayer,7702123012924
false,2025-03-12T14:13:06.836,11,1,Talco rexona efficient x 55g - unilever,7702006301442
false,2025-03-12T14:14:59.224,12,1,Talco yodora x 60g - tq,7702057081027
false,2025-03-12T14:16:40.871,13,1,Talco yodora x 90g -tq,7702057085339
false,2025-03-12T14:19:08.306,14,1,Talco  yodora  x 300g - tq,7702057080594
false,2025-03-12T14:22:17.611,15,1,Talco  mexsana x 150g - bayer,7702123013891
false,2025-03-12T14:24:03.963,16,1,Talco  neo fungina x 40g - neo,7706142707106
false,2025-03-12T14:26:28.053,17,1,Crema yodora  x 60g- tq,1824
false,2025-03-12T14:27:53.009,18,1,Crema yodora  x  32 g -tq,2024
false,2025-03-12T14:30:12.808,19,1,Crema yodora  x  25 g- tq,7702057080075
false,2025-03-12T14:31:32.253,20,1,Crema yodora x  12 g - tq,7702057080044
false,2025-03-12T14:33:36.864,21,1,Copitos x  20 unid - medicare,7703252035341
false,2025-03-12T14:35:54.130,22,1,Aceite suave osito x  50 ml - osa,7705137300315
false,2025-03-12T14:38:26.489,23,2,Alcohol  x 700 ml - osa,7705137100113
false,2025-03-12T14:47:39.350,24,2,Noxpirin noche sobre x  10 g -siefred,7707355054346
false,2025-03-12T14:52:16.960,25,1,Pegante instantaneo super glue - x 8 g,6987247805312
false,2025-03-12T14:57:46.365,26,1,Prestobarba schick*4 hojas hombre,4891228530136
false,2025-03-12T15:00:10.085,27,2,Ibuflash migran* mk,7702057092344
false,2025-03-12T15:03:22.040,28,2,Noraver gripa*noche*sobre*tq,7702057160975
false,2025-03-12T15:05:09.001,29,1,Pañal winny*etapa 0*30 uds* tq,7701021144829
false,2025-03-12T15:06:58.009,30,1,Pañal*winny*etapa*5 * 16 uds* tq,7701021118356
false,2025-03-12T15:09:53.344,31,2,Toallas kotex  disrcreta  x 10 unid ,7702425801288
false,2025-03-12T15:12:13.726,32,1,acondicionador dove+ vitamina A y E 18 ml -l,7702006302449
false,2025-03-12T15:14:18.098,33,1,Dove desodrante 8.5 g - unilever,7702006204408
false,2025-03-12T15:16:16.547,34,1,  shampoo dove+keratina 18 g-,7702006653077
false,2025-03-12T15:17:57.684,35,1,Rexona clinical men 30 g - unilever,7702006206808
false,2025-03-12T15:20:29.372,36,1,Rexona clinical men cojin -8.5 g - unilever,7702006205542
false,2025-03-12T15:23:32.131,37,1,Shampoo nutribela  celulas madre 18 g - genoma,7702354956318
false,2025-03-12T15:26:22.824,38,1,Acond nutribela 15 ml- genoma,7702354956356
false,2025-03-12T15:27:52.742,39,1,Tratamiento nutribela 15 g - genoma,7702354957247
false,2025-03-12T15:29:59.011,40,1,Tratamiento nutricion  27 g - genoma,7702354942212
false,2025-03-12T15:33:38.090,41,2,Piroxicam 20 mg - x 20 cap- coaspharma,7703712030930
false,2025-03-12T15:36:06.825,42,2,Mega sex caja x 2 unid- conalphar,1984
false,2025-03-12T15:39:22.194,43,1,Color 1- liquido 15 ml - interbel ,7707223660020
false,2025-03-12T15:50:38.213,44,2,Hioscina caja 10 g- x 50 tabletas - laproff,7703038067450
false,2025-03-12T15:53:54.376,45,1,Sobre color 1- castaño oscuro 15 ml- interbel,7707223663342
false,2025-03-12T15:56:23.705,46,1,Vitafer jarabe x 500 ml -naturalme,7707816989873
false,2025-03-12T16:01:46.624,47,2,Ainedix 100 mg - x 10 tabletas - laboquifar,7707019469059
false,2025-03-12T16:05:02.755,48,2,Albendazol caja 200 mg x 2 tabletas - coaspharma,7703712033405
false,2025-03-12T16:16:52.382,49,2,Acetaminofen+ codeina-325/30 x 30 tabletas- ag,7706569022912
false,2025-03-12T16:22:30.482,50,2,Albendazol caja 200 mg - x  25 blister - laproff,7703038050056
false,2025-03-12T16:28:04.855,51,2,Albendazol suspension 20 ml -laproff,7703038060994
false,2025-03-12T16:33:22.111,52,2,Acetaminofen 500 mg- x 30 blister- coaspharma,7703712035362
false,2025-03-12T16:37:10.133,53,2,Azitromicina 500 mg x 3 tabletas- coaspharma,7703712030206
false,2025-03-12T16:49:54.581,54,2,Bactrosafe-azitromicina x 3 tabletas 500 mg- msn,7707274723224
false,2025-03-12T16:52:56.975,55,2,Albendaszol caja 2 tabletas 200 mg- bioquifar,7707019340105
false,2025-03-12T17:05:33.587,56,2,Impofin-z- azitromicina 500 mg caja x 3 tabletas -impofar,7707341100118
false,2025-03-12T17:09:06.155,57,2,Bacty- azitromicina caja 500 mg -x 3 tabletas- brandexx ,7709950854017
false,2025-03-12T17:13:22.737,58,2,Activiral-aciclovir caja 800 mg x10 tabletas-laboquifar,7707019412628
false,2025-03-12T17:20:46.320,59,2,Crema- acido fusidico 15 g --laproff,7703038859246
false,2025-03-12T17:23:28.639,60,2,Crema aciclovir - 15 g -anglopharma,7707035510513
false,2025-03-12T17:25:17.632,61,2,Crema activiral- aciclovir 15 g - laboquifar,7707019379464
false,2025-03-13T08:43:22.212,62,2,Prueba embarazo- cassette,7709923870549
false,2025-03-13T08:56:24.936,63,2,Mucotrop jarabe x 120 ml  anglopharma,7707035511107
false,2025-03-13T09:00:25.272,64,2,Naproxeno 500 mg x 10 tabletas - ag ,7706569001450
false,2025-03-13T09:55:50.463,65,2,Loperamida  2 mg x 6 tabletas - laproff ,7703038012351
false,2025-03-13T10:19:51.600,66,2,Cindimizol- fluconazol- 200 mg x 5 caps - bioquifar,7707019332124
false,2025-03-13T10:26:28.395,67,2,Diclofenaco - retard 100 mg x 20 cap -ag ,7706569000958
false,2025-03-13T10:29:25.179,68,2,Clotrimazol crema  vaginal 40 g- farmionni,7707184161420
false,2025-03-13T10:50:30.437,69,2,Amoxicilina 500 mg- 50 cap - la sante,7703763070237
true,2025-03-13T10:57:32.731,70,2,Noxpirin plus caja x 120 cap- siegried,7707355055626
false,2025-03-13T11:00:27.309,71,1,Emulsion ledmar x 250 ml- ledmar,7707016401021
false,2025-03-13T11:06:15.339,72,1,Removedor-esmalte- 90 ml - interbel,220307
false,2025-03-13T11:10:50.381,73,1,Seda dental con cera - 30 mts - mv,7707282391552
false,2025-03-13T11:14:03.135,74,2,Minoxidil 60 ml - laproff,7703038690146
false,2025-03-13T11:20:23.559,75,2,Levotiroxina 100 mg - x 150 tabletas - colmed,7703153040628
false,2025-03-13T11:26:42.820,76,2,Gaviscon doble accion - caja x 12 sachets- healh,7702626211770
false,2025-03-13T11:37:26.157,77,1,Jerina 5 ml - caja  x 100 - medispo,7707270361222
false,2025-03-13T11:40:53.704,78,2,Libelle caja x 2 tabletas- novamed,7703546034029
false,2025-03-13T11:47:56.742,79,2,Clotrimazol ovulos caja x 10 unid- colmed,7703153016050
false,2025-03-13T11:55:33.648,80,2,Lincomicina 600-mg x 10 ampollas - vitalis,7707236127572
false,2025-03-13T12:04:37.128,81,2,Noraver garganta cereza x 12 tabletas - tq,7702057162405
false,2025-03-13T12:15:23.135,82,1,Balance men clinical  crema sachets- 9-g - henkel,7702045442755
false,2025-03-13T12:18:59.294,83,1,Balance normal crema x 30 g -henkel,7702045974171
false,2025-03-13T12:24:55.023,84,1,Balance men clinical x 30 g- henkel,7702029509382
false,2025-03-13T12:35:25.363,85,1,Balance clinical  women 30 g- care- henkel,7702029173781
false,2025-03-13T12:40:20.210,86,1,Balance cliinical invisible x 30 g - henkel,7702045697742
false,2025-03-13T12:59:46.436,87,2,Next-gl caja x 8 cap -hc- clover,650240060083
false,2025-03-13T13:04:34.004,88,1,Palette- color negro 1-0 ,7702045087895
true,2025-03-13T13:07:58.552,89,1,Palette color castaño oscuro-4-0 ,7702045260298
false,2025-03-13T13:44:00.709,90,2,Alopurinol 300 mg caja x 30 tabletas - menphis,7704412080867
false,2025-03-13T13:47:47.455,91,2,Alopurinol 100 mg caja x 30 tabletas- menphis,7704412080607
false,2025-03-13T13:50:43.682,92,2,Amlodipino 5 mg caja x 300 tabletas - laproff,7703038067429
false,2025-03-13T13:52:27.336,93,2,Amlodipino 5 mg caja x 10 tabletas - laproff,7703038062646
false,2025-03-13T13:54:59.980,94,2,Atorvastatina 20 mg caja x 50 tabletas - laproff,7703038067597
false,2025-03-13T13:57:41.270,95,2,Atorvastatina 40 mg x caja  30 tabletas - laproff,7703038067566
false,2025-03-13T14:01:34.257,96,2,Atorvastatina 40 mg caja x 30 tabletas  - ecar,1272
false,2025-03-13T14:05:44.353,97,2,Acido folico 1 mg caja x 400 tabletas - laproff,7703038040309
false,2025-03-13T14:11:27.276,98,2,Amdelt - ampicilina 500 mg caja x 100 cap - delta ,6921875009230
false,2025-03-13T14:27:28.498,99,2,Amoxicilina - deltmoxi 500 mg caja x 100 cap - delta,6921875009193
false,2025-03-13T14:31:06.668,100,2,Allegra 120 mg - caja x 2 tabletas - sanofi,3664798066531
false,2025-03-13T14:33:23.470,101,2,Beclort- beclometasona 250 mg bucal- cipla,8901117251175
false,2025-03-13T14:36:53.378,102,2,Betametasona 8 mg caja x 10 ampollas- vitalis,7707236125530
false,2025-03-13T14:45:35.017,103,2,Bisacodilo 5 mg caja x 100 tabletas - recipe,7702195086748
false,2025-03-13T14:49:42.066,104,2,Betahistina 8 mg caja x 20 tabletas - laproff,7703038067146
false,2025-03-13T14:54:22.136,105,2, vaio 8 mg- betahistina caja x 30 tabletas - bioquifar,7707019371260
false,2025-03-13T14:58:08.065,106,2,Natrozim-azitromicina 500mg x 3 mg tas-lg-pharma,7707357202776
false,2025-03-13T15:04:02.130,107,2,Betametasona-tudermifar 40,g /  0,05% bioquifar,7707019459074
false,2025-03-13T15:09:44.587,108,2,Fuciclear-betametasona-40,g / 0,05% lg-pharma,7707357200307
false,2025-03-13T15:11:44.313,109,2,Betametasona 20,g /  0,1% - ag,7706569001672
false,2025-03-13T15:16:44.706,110,2,Berodual 20,ml  / 0,50 m,g  / 0,25 m,g  - boehringer,7703381000463
false,2025-03-13T15:22:23.103,111,2,Colchicina 0,5,mg caja x 40 tabletas - coaspharma ,7703712031197
false,2025-03-13T15:27:33.378,112,2,Ceftriaxona-sodica 1,g caja x 10 unid - delta,6900191011042
false,2025-03-13T15:33:48.970,113,2,Captopril 50-m,g caja x 30 tabletas - recipe,7702195713507
false,2025-03-13T15:35:56.175,114,2,Captopril 25,mg caja x 30 tabletas -recipe,7702195713408
false,2025-03-13T15:42:51.804,115,2,Colchicina 0,5 mg caja x 40 tabletas  - laproff,7703038067016
false,2025-03-13T15:45:54.277,116,2,Procatec-ciprofloxacino 500,mg caja x 10 tabletas ,7707274722715
false,2025-03-13T15:50:02.469,117,2,Ciprofloxacino 500,mg 10 tabletas - mk,7702057708979
false,2025-03-13T15:54:45.421,118,2,Compeljo b caja x 250 tabletas - ecar,7702184010082
false,2025-03-13T16:06:11.311,119,2,Complejo b- caja x 10 ampollas - ecar,7702184030196
false,2025-03-13T16:09:46.014,120,2,Zeridil-cetirizina 10,mg - x 10 tabletas -bioquifar,7707019330229
false,2025-03-13T16:12:08.480,121,2,Cetirizina 10,mg caja x 10 tabletas - ag,7706569001467
false,2025-03-13T16:14:22.223,122,2,Cetirizina 10,mg caja x 10 tabletas - recipe ,7702195076398
false,2025-03-13T16:17:58.787,123,2,Cefalexina 500,mg - caja x 100 cap- laproff,7703038612636
false,2025-03-13T16:21:58.092,124,2,Clotrimazol- gotas 30,ml / 1% - la proff,7703038065333
false,2025-03-13T16:30:38.475,125,2,Flodelt-ciprofloxacina 500,mg-x-100 tbls-delta ,6921875009971
false,2025-03-13T16:39:53.231,126,2,Cefalexina-ceprax  500,mg caja x 50 cap - anglopharma,7707035510100
false,2025-03-13T16:43:23.610,127,2,Plurigram-ciprofloxacina 500,mg x 10 tbls- quimica patric,7707067620242
false,2025-03-13T16:46:22.519,128,2,Ciprofloxacino 500,mg x 10 tabletas - ag,7706569000088
false,2025-03-13T16:50:38.154,129,2,Clindamicina 300,mg x 24 cap -coaspharma,7703712534476
false,2025-03-13T16:52:39.482,130,2,Claritromicina 500,mg x10- tabletas - memphis,7704412477957
false,2025-03-13T16:54:41.601,131,2,Carvedilol 12,5-mg x 30 tabletas - memphis,7704412870383
false,2025-03-13T16:56:30.597,132,2,Carvedilol 6,25-mg x 30 tabletas - memphis,7704412376328
false,2025-03-13T16:58:14.524,133,2,Celecoxib 200,mg x 10 cap- recipe,7702195057304
false,2025-03-13T17:03:46.595,134,2,Clonidina-hcl-  0.150,mg-  150 tabletas anglopharma ,7707035540206
false,2025-03-13T17:07:19.445,135,2,Cloranfenicol 250,mg x 50 cap -colmed,7703153003296
false,2025-03-13T17:12:23.649,136,2,Clorfeniramina 4,mg -x 20 tabletas- coaspharma,7703712030695
false,2025-03-13T17:19:19.736,137,2,Carbamazepina 200,mg- caja x 300 tbls - laproff,7703038050124
false,2025-03-13T17:21:49.620,138,2,Clotrimazol-crema vaginal-40,mg - 1% - laproff,7703038878728
false,2025-03-13T17:24:42.702,139,2,Clotrimazol- crema  topica - 40,mg / 1% - farmionni,7707184161093
false,2025-03-13T17:27:27.460,140,2,Dexametasona ampolla 4,mg- vitalis,7709990439298
false,2025-03-13T17:29:57.165,141,2,Doxiciclina 100,mg x 10 cap - coaspharma,7703712032552
false,2025-03-13T17:32:44.695,142,2,Desloratadina 5,mg caja x 10 tblas -coaspharma,7703712034631
false,2025-03-13T17:34:18.835,143,2,Desloratadina 5,mg x 10 tbls - laproff,7703038067023
false,2025-03-13T17:42:51.565,144,2,Dexametasona 8,mg/ 2,ml-x 100 ampollas -farmionni,7707184160478
false,2025-03-13T17:49:05.393,145,2,Diclofenaco 75,mg / 3,ml - x 10 ampollas- genfar,7705959881092
false,2025-03-14T08:16:55.993,147,2,Noriflam-diclofenaco 75,mg/3,ml- x 6 ampollas- med-line,7709990733716
false,2025-03-14T08:28:02.910,148,2,Zaway-diclofenaco 75,mg/3,ml x 10 ampollas-farma,7707269910189
false,2025-03-14T08:35:11.217,149,2,Dicloxacilina 500,mg x 50 cap - ag,7706569000439
false,2025-03-14T08:40:45.200,150,2,Diclofenaco 50,mg x 250 tabletas - ecar,7702184010655
false,2025-03-14T08:44:59.206,151,2,Diclofenaco 50,mg x 400 tabletas - laproff,7703038050209
false,2025-03-14T08:49:57.506,152,2,Dipirona 500,mg x 50 tabletas - ecar,7702184010457
false,2025-03-14T08:54:58.753,153,2,Domeboro 2,2 ,g  - x 25 sobres - bayer,7702123006862
false,2025-03-14T09:00:13.544,154,2,Difenhidramina 50,mg - x 50 cap - anglopharma,7707035580943
false,2025-03-14T09:04:22.295,155,2,Diclofenaco 50,mg - x 30 tabletas - genfar ,7702605100866
false,2025-03-14T09:07:31.152,156,2,Torrox 90,mg  x 10 tabletas - hetero,8903726232798
false,2025-03-14T09:10:46.330,157,2,Enterogermina 5,ml x 10 ampollas- sanofi,3582910009900
false,2025-03-14T09:14:27.411,158,2,Evadinex-etoricoxib 120,mg - x 15 tbls - anglopharma,7707035595565
false,2025-03-14T09:17:57.514,159,2,Espironolactona 25,mg- x 20 tabletas- laproff,7703038065920
false,2025-03-14T09:21:09.162,160,2,Enalapril 5,mg x 50 tabletas -  coaspharma,7703712030275
false,2025-03-14T09:53:36.842,161,2,Espasmydol- x 20 tabletas - laboquifar,7707019402100
false,2025-03-14T09:57:57.410,162,2,Depo-medrol 40,mg / 1,ml - pfizer,7591257002273
false,2025-03-14T10:05:45.815,163,2,Esomeprazol 20,mg x 10 cap - bioquifar,7707019360899
false,2025-03-14T10:31:22.993,164,2,Diexsomeprazol-esomeprazol 20,mg- x 30cap- bioquifar,7707019343342
false,2025-03-14T10:34:04.344,165,2,Diexsomeprazol-omeprazol 40,mg x 30cap- bioquifar,7707019384338
false,2025-03-14T10:51:05.025,166,2,Esomeprazol 20,mg - x 30 tbls- colme,7703153022068
false,2025-03-14T11:10:12.865,167,2,Esomeprazol 40,mg- x 30 tabletas - colmed,7703153022075
false,2025-03-14T11:14:02.115,168,1,Pañitos humedos pequeñin manzanilla x 80 unides,7702026152536
false,2025-03-14T11:17:57.723,169,1,Pañitos humedos pequeñin x 70 unidades,7702026147624
false,2025-03-14T11:21:50.853,170,2,Tampones nosotras super,7702027437076
false,2025-03-14T11:27:01.721,171,2,Fluoxetina 20,mg- x 30 cap - ag,7706569000545
false,2025-03-14T11:29:21.192,172,2,Glibenclamida 5,mg x 30 tabletas - coaspharma,7703712030855
false,2025-03-14T11:31:55.724,173,2,Gemfibrozilo 600,mg x 20 tabletas -  coaspharma,7703712032675
false,2025-03-14T11:43:05.628,174,2,Gentamicina 160,mg / 2,ml- x 10 ampollas- farmionni,7707184160676
false,2025-03-14T11:45:19.917,175,2,Fluconazol 150,mg x 1 cap - coaspharma,7703712032637
false,2025-03-14T11:48:54.530,176,2,Fluconazol 200,mg x 5 cap - coaspharma,7703712032620
false,2025-03-14T11:53:58.453,177,2,Hidroclorotiazida 25,mg- x 400 tabletas - laproff,7703038050261
false,2025-03-14T11:59:04.891,178,2,Fencafen 100,mg - x 50 tabletas - tq,7702057010843
false,2025-03-14T12:03:54.263,179,2,Furosemida,7703038050247
false,2025-03-14T12:08:00.576,180,2,Flunarizina 10,mg x 20 tabletas - coaspharma,7703712032705
false,2025-03-14T12:20:30.225,181,2,Irbesartan 300,mg- x 14 tabletas - mk,7702057074456
false,2025-03-14T12:25:37.112,182,2,Ibuprofeno+metacarbamol/200,mg/500,mg- x 30 tbls genfar,7702605102716
false,2025-03-14T13:08:14.684,183,2,Ibuprofeno 800,mg- x 50 tabletas - genfar,7702605101511
false,2025-03-14T13:16:23.443,184,2,Ibuprofeno 400,mg x 60 tabletas - coaspharma,7703712032736
false,2025-03-14T13:18:53.709,185,2,Hidroxicina 25,mg- x20 tabletas - coaspharma,7703712031302
false,2025-03-14T13:23:17.703,186,2,Hioscina/n-butilbromuro-20,mg/1,ml- x 10 ampollas- vitalis ,7707236123048
false,2025-03-14T14:16:14.553,187,2,Hidrocortisona 15,g / 1% - coaspharma,7703712034679
false,2025-03-14T14:19:31.664,188,2,Hidrocortisona 15,g / 1% ag,7706569000194
false,2025-03-14T14:23:02.807,189,2,Hidrocortisona 15,g / 1% - mk ,7702057075002
false,2025-03-14T14:26:18.394,190,2,Hidrortisona ampolla 100,mg - vitalis,7709482273362
false,2025-03-14T14:29:51.385,191,2,Rizin-levocetirizina 5,g - x 10 tbls - coaspharma,7708952877178
false,2025-03-14T14:31:41.874,192,2,Langenix-lansoprazol-30,mg x 14 cap- hetero,8903726263419
false,2025-03-14T14:35:20.183,193,2,Levotiroxina 75,mg - x 50 tbls - merck,7501298224947
false,2025-03-14T14:40:10.428,194,2,Levotiroxina 50,mg x 150 tbls -colmed,7703153040611
false,2025-03-14T14:49:40.171,195,2,Flurinex-levofloxacina 500,mg- x 14 tbls- bioquifar,7707019312836
false,2025-03-14T14:52:46.656,196,2,Losartan 50,mg- x 300 tabletas- laproff,7703038050346
false,2025-03-14T14:59:09.586,197,2,LORATADINA 10,MG X 400 TBLS,7703038050339
false,2025-03-14T15:14:27.138,198,2,Fungisterol-ketoconazol 200,mg- x 10 tabletas - bioquifar,7707019332605
false,2025-03-14T15:16:33.097,199,2,Ketoconazol 200,mg - x 10 tabletas - coaspharma,7703712030367
false,2025-03-14T15:23:27.417,200,2,Asmiket-ketoconazol 1,mg - x 30 tbls - bioquifar,7707019328660
false,2025-03-14T15:30:21.621,201,2,Loratadina 10,mg- x 20 tbls - ag,7706569000415
false,2025-03-14T15:32:17.623,202,2,Loratadina 10,mg- x 10 tabletas- coaspharma ,7703712031784
false,2025-03-14T15:39:37.454,203,2,Licofar-lincomicina 600,mg/2 ml-10 ampollas- profar,7709506348427
false,2025-03-14T15:41:21.027,204,2,Lozartan 50,mg- x 30 tabletas - expofarma,7703432422237
false,2025-03-14T15:44:32.170,205,2,Lincomicina 600,mg/2,ml- x 10 ampollas- vitalis,7707236120191
false,2025-03-14T15:47:39.197,206,2,Lomotil x 4 tabletas - pfizer,7861073963530
false,2025-03-14T15:49:59.125,207,2,Costilax 66,7% sobres,1422
false,2025-03-14T15:58:23.823,208,2,Lozartan 100,mg x 400 tabletas- ecar,7702184013120
false,2025-03-14T16:00:52.312,209,2,Losartan 50,mg- x 30 tabletas - genfar,7702605103232
false,2025-03-14T16:03:40.929,210,2,Losartan 100,mg- x 30 tabletas - memphis,7704412308428
false,2025-03-14T16:07:22.814,211,2,Irbigen-irbesartan 150,mg- x 30 tabletas - hetero ,8903726237687
false,2025-03-14T16:10:14.582,212,2,Lovastatina 20,mg- x 20 tabletas- ag,7706569000705
false,2025-03-14T16:13:54.740,213,2,Losartan 50,mg - x 30 tabletas- ag,7706569021618
false,2025-03-14T16:16:51.475,214,2,Losartan 50,mg- x 300 tabletas- ecar,7702184011430
false,2025-03-14T16:18:56.307,215,2,Levofloxacina 500,mg - x 7 tabletas - laproff,7703038067030
false,2025-03-14T16:23:32.552,216,2,Diezmopraz-LANSOPRAZOL 30,MG - X 28 CAP BIOQUIFAR,7707019352757
false,2025-03-14T16:30:17.680,217,2,Lanspprazol 30,mg- x 14 cap- genfar,7702605102006
false,2025-03-14T17:44:53.988,218,2,Metronidazol*500mg*10 ovulos,7703153007102
false,2025-03-14T17:49:11.338,219,2,Metoprolol*50mg*caja*300 tbs*laproff,7703038050414
false,2025-03-14T17:51:48.145,220,2,Metoprolol*50mg*caja*30 tbs*memphis,7704412167124
false,2025-03-14T17:55:53.967,221,2,Metoclopramida*caja*30 tbs*coaspharma,7703712032101
false,2025-03-14T18:07:25.175,222,2,Stomavidnh*caja*18 capsulas*colompack,7709358082401
false,2025-03-14T18:15:12.541,223,2,Montelukas*4 mg*caja*30 tbs*hetero,8903726178720
false,2025-03-15T08:21:21.689,224,2,Aircys*montelukas*4 mg*30 tabletas*bioquifar,7707019303698
false,2025-03-15T08:37:03.860,225,2,Aircys -montelukas 5,mg -x 30 tabletas - bioquifar,7707019335187
false,2025-03-15T08:42:44.266,226,2,Norfloxacino 400,mg - x 20 tabletas- coaspharma,7703712030480
false,2025-03-15T08:47:27.825,227,2,Rodiflex-duo-meloxican+esomeprazol x15 tbls,7709233974470
false,2025-03-15T08:53:04.265,228,2,Norfloxacino 400,mg- x 14 tabletas- ag ,7706569000231
false,2025-03-15T08:58:23.398,229,2,Meblainex-meloxican-15,mg -x 5 ampollas- blaskov,7702896001774
false,2025-03-15T09:00:56.592,230,2,Metoclopramida 10,mg x 10 ampollas- vitalis,7707236128975
false,2025-03-15T09:06:05.124,231,2,Metronidazol 500,mg x 100 tabletas- coaspharma,7703712035799
false,2025-03-15T09:09:16.379,232,2,Perclusone-naproxeno 500,mg-x 10 tbls-bioquifar,7707019339116
false,2025-03-15T09:18:18.253,233,2,Perclusone-naproxeno 250,mg- x10 tbls-bioquifar,7707019339161
false,2025-03-15T09:20:20.298,234,2,Taxen-nitazoxanida 500,mg- x 6 tbls- rociphar,7707186901376
false,2025-03-15T09:25:02.563,235,2,Nitoxipar 500,mg- x 6 tbls- bioquifar,7707019344202
false,2025-03-15T09:29:43.547,236,2,Mexican-meloxican 15,mg x 10 tbls- bioquifar,7707019337112
false,2025-03-15T09:43:57.115,237,2,Meloxican 15,mg- x 10 tbletas- ag ,7706569020437
false,2025-03-15T09:47:37.313,238,2,Naproxeno 250,mg- x 10 tabletas- coaspharma,7703712030459
false,2025-03-15T09:57:21.304,239,2,Reflexal-metacarbamol 750,mg- x 20 tbls- bioquifar,7707019402087
false,2025-03-15T10:50:24.691,240,2,Rodiflex-meloxican 15,mg- x 10 tbls,7709233974418
false,2025-03-15T11:08:36.810,241,2,Metroxazide,7707019340907
true,2025-03-15T11:17:21.517,242,1,Tinte palette surtido,770202968975677020293516537702029689756
true,2025-03-15T11:24:02.732,243,1,Tinte palette surtido,9756-1653-1425-7169
false,2025-03-15T13:38:31.399,244,2,Novoxican-meloxican 15,mg x 10 tabletas-novofar,7709225183057
false,2025-03-15T14:02:07.076,245,2,Neumuc*jarabe*frasco*120ml*farma,7709587585063
false,2025-03-15T14:05:09.820,246,2,Postday*0.75mg*caja*2 tabletas*lafrancol,7702870002728
false,2025-03-15T14:07:22.838,247,2,Test*a-linstant* lg pharma,7707357200055
false,2025-03-15T14:10:26.033,248,2,Dolinstan*ibuprofeno*jarabe*fco*120 ml*coaspharma,7709946708393
false,2025-03-15T14:12:10.471,249,2,Clindabact*clot/clindam*caja*3 ovulos*tridex,7707263007755
false,2025-03-15T14:14:00.328,250,2,Tor*crema*tubo*10 gramos*blaskov,7702896000364
false,2025-03-15T14:19:50.651,251,2,Diglufor*metformina*850mg*caja*30 tabletas*bioq,7707019481600
false,2025-03-15T14:30:39.193,252,2,Sacrusyt*salbutamol*inh*faes farma,7707274721206
false,2025-03-15T14:32:47.464,253,2,Mucotrop*jarabe niños*fco*120ml*anglopharma,7707035511077
false,2025-03-15T14:35:42.945,254,2,Acetaminofen*jarabe*frasco*120 ml*laproff,7703038067269
false,2025-03-15T14:47:38.884,255,2,Mieltertos- x 12 sobres,7707232095769
false,2025-03-15T14:57:57.989,256,2,Pedialyte - surtido -abbott,750103396155775010339573767501033957369
false,2025-03-15T15:06:12.560,257,2,Microgynon x 21 cap- tecnofarma,7896116860972
false,2025-03-15T15:14:17.114,258,1,Crema lubriderm-humectacion-diaria-120,ml-unilever,7702031244486
false,2025-03-15T15:20:45.790,259,1,Crema lubriderm-procteccion solar x 120 ,ml - unilever,7702035469151
false,2025-03-15T15:30:34.322,260,1,Color 1 liquido surtido - 15,ml - interbel,77072236633427707223660020
false,2025-03-15T15:51:17.836,261,2,Electroly - surtido - 625,ml - pisa,750112517647075011251764947501125185182750112517654875011251764707501125184864
true,2025-03-15T15:56:51.782,262,1,Color 1 pastilla  4,g / 10,g - interbel,7707223660013
false,2025-03-15T16:10:46.678,263,1,Lubriderm sobre 25,ml humectacion diaria- unilever,7702031244561
false,2025-03-15T16:17:55.433,264,1,Lubriderm prevencion-fps 3- x 25,ml ,7702031571438
false,2025-03-15T16:29:01.038,265,2,Nodol-forte-acetaminofen+codeina-325g/ 30g- x 30 ,7707367050954
false,2025-03-15T16:37:22.104,266,2,Propranolol 40,mg- x 20 tbls- coaspharma,7703712031463
false,2025-03-15T16:44:48.320,267,2,Osteosan-piroxican 40,mg- x 3 ampollas-bioquifar,7707019336016
false,2025-03-15T16:51:49.926,268,2,Pantoprazol 40,mg- x 28 tabletas- sandoz,7702635610267
false,2025-03-15T17:41:14.215,269,2,Piroxicam*40mg*caja*5 ampollas*recipe,7702195719189
false,2025-03-15T17:43:35.613,270,2,Pluropon*200/50mg*caja*10 cap*bioquifar,7707019395266
false,2025-03-15T17:47:52.240,271,2,Orlistat*120mg*caja*60 capsulas*colmed,7703153020262
false,2025-03-15T17:51:10.465,272,2,Omeprazol*20mg*caja*300 capsulas*farmacol,7709071926723
false,2025-03-15T17:53:15.212,273,2,Omeprazol*20mg*caja*250 capsulas*ophalac,7708030465853
false,2025-03-15T17:55:19.751,274,2,Vigradina*50mg*caja*2 tabletas*bioquifar,7707019381108
false,2025-03-15T17:57:35.129,275,2,Vigradina*50 mg*caja*4 tabletas*bioquifar,7707019381115
false,2025-03-15T18:03:10.162,276,2,Gelpin*50 mg*caja*2 cpasulas*colmed,7703153015398
false,2025-03-17T15:41:53.997,277,2,Prazosina*1 mg*caja*30 tabletas*expofarma,7703432425542
false,2025-03-17T15:46:13.070,278,2,Pregabalina*75mg*caja*30cps*ecar,7702184011621
false,2025-03-17T15:47:34.421,279,2,Pamoato pirantel*fco*15 ml*memphis,7704412170896
false,2025-03-17T15:54:08.205,280,2,Prednisolona*5mg*caja*30 tbs*coaspharma,7703712030534
false,2025-03-17T16:03:40.625,281,2,Sildenafil*100mg*caja*1 tbs*ag,7706569020857
false,2025-03-17T16:26:14.096,282,2,Sildenafil*50mg*masticable*caja*2 tabletas*ag,7706569020079
false,2025-03-17T16:32:47.256,283,2,Fulerec*sildenafil*50mg*caja*4 tabs*med-line,7709792547573
false,2025-03-17T16:35:53.144,284,2,Erassin*sildenafil*100mg*caja*2 tabls*labinco,7707177971616
false,2025-03-17T16:40:10.267,285,2,Verelis*20mg*tadalafilo*cja*4 tabs*bioquifar,7707019384116
false,2025-03-17T16:47:28.121,286,2,Sertranquil*sertralina*50mg*10 tbs*bioquifar,7707019380613
false,2025-03-17T16:49:16.978,287,2,Secnidazol*500mg*4 tbs*coaspharma,7703712031531
false,2025-03-17T16:51:32.467,288,2,Seamib*secnidazol*500mg*4 tbs*bioquifar,7707019340204
false,2025-03-17T16:52:55.489,289,2,Leberlim*secnidazol*500mg*4 tbs*lab*ive,7709946708331
false,2025-03-17T16:55:35.209,290,2,Silimarina*150mg*caja*20 capsulas*gf,7702605102808
false,2025-03-17T17:03:17.733,291,2,Bacmicine*sultamicilina*375*10 tbs*bioquifar,7707019312621
false,2025-03-17T17:05:30.996,292,2,Bilsyl*silimarina*240mg*20 caps*anglopharma,7707035565834
false,2025-03-17T17:07:33.420,293,2,Stan*k*,2643
false,2025-03-18T10:33:51.301,294,2,Trimebutina*200mg*caja*30tbs*memphis,7704412186408
false,2025-03-18T10:35:01.250,295,2,Tramadol*50mg*10 capsulas blandas*colmed,7703153023409
false,2025-03-18T10:37:15.220,296,2,Tramadol*gotas*novamed,7703546706049
false,2025-03-18T10:37:59.986,297,2,Tramadol*gotas*expofarma,7703432421605
false,2025-03-18T10:45:27.861,298,2,Trimebutina*200mg*caja*300tbs*laproff,7703038066637
false,2025-03-18T10:47:48.931,299,2,SULFATO FERROSO*300MG*CAJA*250 TBS*ECAR,7702184011775
false,2025-03-18T11:07:24.989,300,2,Trazodona*50mg*caja*50 tbs*expofarma,7703432425214
false,2025-03-18T11:08:38.072,301,2,Trazodona*50mg*caja*50 tbs*recipe,7702195070099
false,2025-03-18T11:09:50.433,302,2,Tiamina*frasco*10 ml*ecar,7702184130148
false,2025-03-18T11:11:57.894,303,2,Trimetoprim*sulfametoxazol*f*caja*100 tbs*gf,7702605102655
false,2025-03-18T11:15:05.611,304,2,Trimetoprim sulfa*80/400mg*caja*100tbs*ecar,7702184609309
false,2025-03-18T11:17:01.577,305,2,Tiamina*300mg*caja*250 tbs*ecar,7702184010280
false,2025-03-18T11:21:03.174,306,2,Tamsulosina*04mg*caja*30 caps*gf,7702605110513
false,2025-03-18T11:22:27.824,307,2,Verapamilo*80mg*caja*50 tbs*tq,7702057076122
false,2025-03-18T11:23:39.131,308,2,Valsartan*80mg*caja*14 tbs*genfar,7702605104543
false,2025-03-18T11:24:40.977,309,2,Verapamilo*120mg*caja*30 tbs*tq,7702057076153
false,2025-03-18T11:27:01.739,310,2,Complejo*b*frasco*10 ml*ecar,7702184130193
false,2025-03-18T11:27:44.862,311,2,Vitamina*b12*frasco*10 ml*ecar,7702184130162
false,2025-03-18T11:32:34.355,312,2,Zopiclona*7.5mg*caja*30tbs*recipe,7702195116964
false,2025-03-18T14:35:08.775,313,2,Quetiapina*25mg*caja*30tbs*genfar,7705959881016
false,2025-03-18T14:45:08.401,314,2,Amitriptilina*25mg*caja*30 tbs*memphis,7704412100275
false,2025-03-18T14:58:44.807,315,2,Venda elastica 2*5 yardas,77077101604777707282990779
false,2025-03-18T15:00:46.246,316,2,Venda elastica*3*5 yardas*,7707282990793
false,2025-03-18T15:01:55.385,317,2,Venda elastica*4*5 yardas,7707282990786
false,2025-03-18T15:08:06.726,318,2,Venda elastica*5*5 yardas,77077101605077707282990762
false,2025-03-18T15:09:54.239,319,2,Venda elastica*6*5 yardas,77077101605147707270363639
false,2025-03-18T15:14:08.343,320,2,Algodon*5 gramos,7702208100058
false,2025-03-18T15:16:23.425,321,2,Algodon*25 gramos,7702560000362
false,2025-03-18T15:21:03.930,322,2,Algodon*50 gramos,7702208100508
false,2025-03-18T15:29:07.211,323,2,Pañal tena*slip*talla m*unidad,7702027479656
false,2025-03-18T15:31:19.983,324,2,Pañal tena*slip*talla l*unidad,7702027479755
false,2025-03-18T15:35:22.866,325,2,Pañal tena*pants*talla* l* unidad,7702026174897
false,2025-03-19T10:12:06.845,326,2,Aztrobac*azitromicina*fco*15 ml*bioquifar,7707019313086
false,2025-03-19T10:13:15.045,327,2,Deucilina*ampicilina*100ml*suspension*bioquifar,7707019412215
false,2025-03-19T10:18:28.324,328,2,Eumoxina*amoxicilina*250mg/susp*100ml*bioquifar,7707019314113
false,2025-03-19T10:23:44.291,329,2,Zivical*carb*de calcio*600mg*30tbs*bioquifar,7707019461121
false,2025-03-19T10:25:11.336,330,2,Buprofen*ibuprofeno*fco*100ml*bioquifar,7707019437225
false,2025-03-19T10:27:17.224,331,2,Enerzin*sulfato de zinc*fco*90ml*laproff,7703038067290
false,2025-03-19T10:28:28.181,332,2,Flupar*nitazoxanida*frasco*60 ml*anglopharma,7707035502532
false,2025-03-19T10:31:07.168,333,2,Taxen*nitazoxanida*frasco*30ml*rocipar,7707186901451
false,2025-03-19T10:32:45.826,334,2,Fungisterol*ketoconazol*frco*60 ml*bioquifar,7707019334005
false,2025-03-19T10:35:14.991,335,2,Eutarpan*loratadina*frasco*100ml*bioquifar,7707019330205
false,2025-03-19T10:37:38.567,336,2,Mebicitrof*metronidazol*frasco*120ml*bioquifar,7707019469806
false,2025-03-19T10:39:00.600,337,2,Supribac*trimet*sulfamet*frco*120ml*bioquifar,7707019314236
false,2025-03-19T10:42:57.982,338,2,Supribac f* trimet/sulfamt*frco*120ml*bioquifar,7707019314229
false,2025-03-19T10:44:28.410,339,2,Zynapet*buclizina*frasco*120ml*farma,7707269910219
false,2025-03-19T10:45:43.862,340,2,Zeridil*cetirizina*frasco*60ml*bioquifar,7707019330250
false,2025-03-19T10:46:51.122,341,2,Acetaminofen*gotas*frco*30ml*laproff,7703038060970
false,2025-03-19T10:51:57.417,342,2,Acetaminofen*jarabe*frco*60ml*laproff,7703038060987
false,2025-03-19T11:23:48.842,343,2,Acetaminofen*jarabe*frasco*90ml*laproff,7703038065630
false,2025-03-19T11:58:54.624,344,2,Amoxicilina*250/5ml*fco*100ml*coaspharma,7703712033344
false,2025-03-19T12:00:32.218,345,2,Amoxicilina*suspension*fco*100ml*ag,7706569001184
false,2025-03-19T12:03:55.129,346,2,Benzoato de bencilo*fco*120ml*coaspharma,7703712032002
false,2025-03-19T12:04:56.455,347,2,Cefalexina*susp*frasco*60ml*ag,7706569001160
false,2025-03-19T12:06:29.124,348,2,Cetirizina*jarabe*frco*60ml*ecar,7702184020227
false,2025-03-19T12:07:44.580,349,2,Nistatina*jarabe*fco*60ml*coaspharma,7703712031388
false,2025-03-19T12:09:13.962,350,2,Metoclopramida*gotas*30ml*coaspharma,7703712033061
false,2025-03-19T12:12:19.382,351,2,Kids*ibuprofeno*jarabe*fco*120ml*gf,7705959885229
false,2025-03-19T12:14:57.160,352,2,Adorem*acetaminofen*jarabe*60ml*siegfred,7707355058108
false,2025-03-19T12:15:59.140,353,2,Ibuprofeno*kids*frasco*120ml*ag,7706569000682
false,2025-03-19T12:20:42.150,354,2,Metronidazol*frasco*120ml*ecar,7702184020616
false,2025-03-19T12:21:41.642,355,2,Metronidazol*jarabe*fco*120ml*coaspharma,7703712031456
false,2025-03-19T12:22:59.962,356,2,Sulfato ferroso*gotas*20 ml*laproff,7703038062431
false,2025-03-19T12:23:55.245,357,2,Sulfato ferroso*frsco*100 tbs*ecar,7702184010259
false,2025-03-19T12:24:55.106,358,2,Sulfato ferroso*jarabe*fco*120ml*laproff,7703038065425
false,2025-03-19T16:33:59.847,359,2,Trimetoprim sulfa*fco*120ml* ecar,7702184020197
false,2025-03-19T16:36:54.631,360,2,Alivium gripa*caja*100 capsulas* ophalac,7709525706857
false,2025-03-19T16:42:12.099,361,2,Ashar*caja* 100 capsulas*memphis,7704412100787
false,2025-03-20T10:02:02.099,362,2,Zetygrip4*caja*100 capsulas* ruecam,7709467724056
false,2025-03-20T10:14:22.788,363,2,Respirin gripa*caja*100 caps*colompack sa,7709990617146
false,2025-03-20T10:21:40.131,364,2,Alka seltzer*caja*60 tabletas*bayer,7702123006787
false,2025-03-20T10:26:31.603,365,2,Aspirina efervencente*caja*50 unds*bayer,7702123006718
false,2025-03-20T10:51:41.328,366,2,Dolofen*500mg*acetaminofen*cja*60 cps*procaps,7703153001377
false,2025-03-20T11:04:25.456,367,2,Dolofen*xtra*caja*60 capsulas* procaps,7703153041830
false,2025-03-20T11:10:10.817,368,2,Alka seltzer extreme*caja*20 sobres*bayer,7702123007425
false,2025-03-20T11:18:57.315,369,2,Sal de frutas lua plus*caja*16 sobres*tq,7702057804763
false,2025-03-20T11:27:55.907,370,2,Bonfiest plus*caja*20 sobres*tq,77020578003457702057841171
false,2025-03-20T11:32:58.211,371,2,Cefadol*caja*60 tabletas*colompack,7709358082456
false,2025-03-20T11:38:53.053,372,2,Starb*omnilife *caja*30 sobres*omnilife,3000730
false,2025-03-20T11:42:08.266,373,2,Biocros*caja*30 sobres*omnilife,2075722
false,2025-03-20T11:44:53.244,374,2,Mieltertos*tarro*25 sobres*naturalfresly,77072320949537707232095752
false,2025-03-20T11:50:17.017,375,2,Nobacter*caja*24 sobres* nalemam s.a.s,7709990350821
false,2025-03-20T11:55:28.007,376,2,Ali*gar*caja*90 tabletas* lab.enerxis,7707226436325
false,2025-03-20T12:02:48.870,377,2,Dimenhidrinato*50mg*caja*36 tbs*gf,7702605890170
false,2025-03-20T12:13:22.152,378,2,Mareol*caja*72 uds*altea,7702132004484
false,2025-03-20T13:03:53.697,379,2,Iseptic *caja*12 tbs masticable*coaspharma,7703712014664
false,2025-03-20T13:07:03.466,380,2,Diosmit*caja*6 sobres*sygma,7709990568288
false,2025-03-20T13:12:55.840,381,2,Zetygrip *frasco*60ml*ruecam,7709805542830
false,2025-03-20T13:14:38.738,382,2,Noxpirin junior*jarabe*fco*120ml*siefried,7707355053363
false,2025-03-20T13:16:40.714,383,2,Bilgled* jarabe*fco*120ml*keops,7707357700616
false,2025-03-20T13:30:07.369,384,2,Medsure*niños*polvo*700grs*medical,7709257910737
false,2025-03-20T13:39:38.191,385,2,Medsure polvo*adultos*tarro*700gr*medical,7709257910775
false,2025-03-20T13:42:25.847,386,2,Colageno hidrolizado polvo*tarro*700gr*kp,1023
false,2025-03-20T13:48:59.656,387,2,Ensure advance*tarro*400gr*vainilla*abbott,8427030008592
false,2025-03-20T14:01:04.994,388,2,Sure kids*tarro*400gr*naturlab,7708750051718
false,2025-03-20T14:04:45.673,389,2,Z-zinc polvo*tarro*400gramos*naleman,77098690423077709990350814
false,2025-03-20T14:08:13.182,390,2,Totalmax*frasco*500ml*medical,7709629024581
false,2025-03-20T14:23:34.055,391,2,Protemifar*jarabe niños*fco*650gr*farvical,737186761493
false,2025-03-20T14:28:41.414,392,2,Vitanatt*jarabe*fco*500ml*urbanatt,7709475211814
false,2025-03-20T14:31:27.390,393,2,Borojo plus*frasco*500ml*vitalys,8056
false,2025-03-20T14:33:07.330,394,2,Calcifar jarabe*frasco*500ml*farvical,737186761684
false,2025-03-20T14:35:00.708,395,2,Oximax-t*frasco*500ml*alikin,7707615674611
false,2025-03-20T14:43:22.386,396,2,Prostazan jarabe*frasco*500ml*alfa,7707212032562
false,2025-03-20T14:45:34.532,397,2,Glucosamina condroitina*jarabe*500ml*alfa,4532
false,2025-03-20T14:48:05.193,398,2,Diabetizan*jarabe*frasco*500ml*alfa,770721203283
false,2025-03-20T14:54:10.277,399,2,Colon cleaser*fco*500ml,111222
false,2025-03-20T14:56:57.906,400,2,Hemoglobina*frasco*500ml*alfa,2231
false,2025-03-20T15:04:17.766,401,2,Zarzaparrilla*jarabe*frasco*375ml*cosmecol,7702796816454
false,2025-03-20T15:07:18.163,402,2,Zarzaparrilla*fco*360ml*urbanatt,1234
false,2025-03-20T15:10:03.202,403,2,Linazamix*bolsa*450gramos*cleanser,788115392592
false,2025-03-20T15:11:48.899,404,2,Hemocyton*frasco*340ml*tq,7702057067212
false,2025-03-20T15:15:43.112,405,2,Dayamineral jarabe*frasco*240ml*abott,7703186555823
false,2025-03-20T15:17:03.730,406,2,Dayabral*jarabe*240ml*nalemam,7709039477106
false,2025-03-20T15:23:12.347,407,2,Daya petit*frasco*240 ml*labvitafarma,7709071574702
false,2025-03-20T15:24:55.261,408,2,Tarrito rojo*tarro*85 gramos*jgb,7702560043291
false,2025-03-20T15:30:23.946,409,2,Kola granulada*caja*5 sobres*mk,77020577374127702057737450
false,2025-03-20T15:33:23.791,410,2,Linaza*caja*12 sobres*colon cleaser,552
false,2025-03-20T15:37:25.647,411,2,Levadura de cerveza*tarro*100 tabletas*medick,7703286112407
false,2025-03-20T15:46:28.795,412,2,Vitamina e*400mg*caja*100 caps*colmed,7703153024796
false,2025-03-20T15:53:48.021,413,2,Omega 3* caja*60 capsulas*al nature,7709671805152
false,2025-03-20T15:59:32.419,414,2,Cloruro de magnesio*caja*60 cps*totalmax,7709259485271
false,2025-03-20T16:02:34.965,415,2,Shot*b*caja*30 capsulas*genoma,650240032158
false,2025-03-20T16:07:11.661,416,2,Nutra factors*caja*60 capsulas*totalmax,7709671805145
false,2025-03-20T16:39:33.076,417,2,Omega 3*caja*30 capsulas*totalmax,7707529430655
false,2025-03-20T16:42:01.464,418,2,Complejo b+zinc*caja*30 capsulas*totalmax,7707529430013
false,2025-03-20T16:43:20.026,419,2,Colageno+biotina*caja*30 capsulas*totalmax,7707529434578
false,2025-03-20T16:49:15.487,420,2,B-vit*complejo b*caja*50 caps*procaps,7703153000059
false,2025-03-20T16:53:15.736,421,2,Tr caps*vitamina a*caja*50 capsulas*,7703546020558
false,2025-03-20T16:58:35.704,422,2,Zivical*calcio*caja*20 tabletas*laquifar,7707019460131
false,2025-03-20T17:01:14.410,423,2,Cebion*masticable*caja*40 tbs*merck,7500435197397
false,2025-03-20T17:02:51.639,424,2,Vitamina c gotas*fco*30 ml*coaspharma,7703712034273
false,2025-03-20T17:05:42.646,425,2,Vitafer*caja*16 sobres*natural medy,7707816984267
false,2025-03-21T08:59:21.901,426,2,Ginkgo biloba*caja*60 capsulas*totalmax,7709611659548
false,2025-03-21T09:02:09.463,427,2,Vitamina e*400ui*caja*30 perlas*pharma,7709424588745
false,2025-03-21T09:10:01.653,428,2,Fexofenadina*kids*frasco*120ml*memphis,7704412000087
false,2025-03-21T09:11:27.918,429,2,Tukol-d*frasco*125ml*genomma,650240029141
false,2025-03-21T09:13:28.937,430,2,Cidetox*teofilina*jarabe*frco*240ml*labquifar,7707019466249
false,2025-03-21T09:15:41.849,431,2,Propolvik*jarabe*120ml*vital hands,7709172863156
false,2025-03-21T09:17:58.478,432,2,Asobroncol*jarabe*120ml*rociphar,7707186900034
false,2025-03-21T09:20:20.282,433,2,Asobroncol*jarabe*120ml*rociphar,7707186900522
false,2025-03-21T09:33:35.914,434,2,Expectol-flem*jarabe*120ml*memphis,7704412053601
false,2025-03-21T09:37:37.415,435,2,Fluimed*frasco*120ml*med-line,7709990733730
false,2025-03-21T10:06:34.462,436,2,Tussionex*jarabe*120ml*labquifar,7707019466201
false,2025-03-21T10:26:52.900,437,2,Triatusic*jarabe*120ml*labquifar,7707019466218
false,2025-03-21T10:28:30.570,438,2,Dosflem*jarabe adultos*120ml*lg-pharma,7707357200093
false,2025-03-21T10:29:32.464,439,2,Dosflem niños*frasco*120ml*lg-pharma,7707357200086
false,2025-03-21T10:30:47.396,440,2,Bromyl*jarabe*120ml*farmaser,7707040610321
false,2025-03-21T10:32:59.071,441,2,Jarabe tos natural*frasco*360ml*alfa,1425
false,2025-03-21T10:43:53.662,442,2,Mieltertos*jbe* adultos*fco*240ml*natural fresly,7707232095608
false,2025-03-21T10:44:58.728,443,2,Mieltertos niños*frasco*180ml*nat*fresly,7707232099354
false,2025-03-21T10:46:12.542,444,2,Broncomiel*jarabe*120ml*keops,7709870535164
false,2025-03-21T10:49:37.410,445,2,Broncoflem*hedera helix*frco*120ml*ruecam,7709830214023
false,2025-03-21T10:52:31.360,446,2,Hedera helix+propoleo*fco*120ml*cofarnat,7702796816126
false,2025-03-21T11:16:02.371,447,2,Hiedra+propoleo*jarabe*120ml*improfarme,7709875244115
false,2025-03-21T11:39:14.687,448,2,Propoleo*eucalipto*jalea*120ml*biopharma,1124
false,2025-03-21T11:42:35.950,449,2,Hidroxicina*jarabe*fco*120ml*anglopharma,7707035540596
false,2025-03-21T11:44:57.031,450,2,Valeriana*gotas*30ml,2542
false,2025-03-21T11:46:12.062,451,2,Eucodina*dihidrocodeina*jarabe*120ml*bioquifar,7707019310177
false,2025-03-21T11:55:40.031,452,2,Dihidrocodeina*jarabe*120ml*bausch health,7707321982093
false,2025-03-21T11:57:57.025,453,2,Clorfeniramina*jarabe*120ml*ecar,7702184020258
false,2025-03-21T13:47:58.513,454,2,Difenhidramina*jarabe*120ml*laproff,7703038060420
false,2025-03-21T13:49:12.939,455,2,Ketotifeno*jarabe*120ml*laproff,7703038061038
false,2025-03-21T13:50:07.620,456,2,Loratadina jarabe*120ml*laproff,7703038061045
false,2025-03-21T13:51:03.149,457,2,Loratadina*jarabe*120ml*licol,7705451000106
false,2025-03-21T13:53:12.756,458,2,Ambroxol pediatrico*jarabe*120ml*laproff,7703038010067
false,2025-03-21T13:54:03.041,459,2,Ambroxol*adultos*jarabe*120ml*laproff,7703038010050
false,2025-03-21T13:55:09.991,460,2,Guayaproff*guayacolato*jarabe*120ml*laproff,7703038011903
false,2025-03-21T14:00:08.595,461,2,Tree c vitz*vitamina c+zinc*100 tbs*keops,7707739043027
false,2025-03-21T14:02:13.544,462,2,Castaño de indias*fco*60 caps*urbanat,745853471897
false,2025-03-21T14:04:30.062,463,2,Pr tazan*frasco*500ml* nt labs,2647
false,2025-03-21T14:06:22.647,464,2,Fibrelax*jarabe*fibra*500ml* nt labs,3265
false,2025-03-21T15:03:20.133,465,1,Pañal*winny*etapa 4 * 16 uds*tq,7701021118332
false,2025-03-21T15:04:44.828,466,1,Pañal*winny*etapa 3 * 16 uds*tq,7701021118318
false,2025-03-21T15:05:52.556,467,1,Pañal*winny*etapa 1* 16 uds*tq,7701021118295
false,2025-03-21T15:08:14.233,468,1,Pañal*huggies*etapa 5* 25 unidades*,7702425113213
false,2025-03-21T15:11:10.783,469,1,Papel higienico scott*triple hoja*familia,7702425977280
false,2025-03-21T15:13:45.949,470,1,Papel hig*familia*acolchamax*megarrollo*fmlia,7702026147471
false,2025-03-21T15:14:56.347,471,1,Papel hig*scott*rinde max*familia,7702425093416
false,2025-03-21T15:20:04.338,472,1,Papel hig*familia green* familia,7702026152604
false,2025-03-21T15:22:20.997,473,1,Protectores*kotex*180 uds* colpapel,7702425530935
false,2025-03-21T15:25:08.097,474,1,Protectores*nosotras*150 uds* familia,7702027044199
false,2025-03-22T08:51:14.797,475,1,Tinte bigen*caoba oscuro,4987205932366
false,2025-03-22T09:32:03.104,476,1,Tinte palette surtido* henkell,770204508789577020459472740770202928284177020290477307702045260298770204579716977020292961077702029891425770204594957577020293516537702045225648770202950640477020455917507702029689756
false,2025-03-22T09:38:11.152,477,1,Polimero para cabello*caja*24 sobres*,77011681812447701168255365
false,2025-03-22T09:39:50.534,478,2,Trat*capilar*gusano de seda*cojin,7707286572711
false,2025-03-22T09:40:59.099,479,1,Trat*capilar*biosil*cojin,7703819053214
false,2025-03-22T09:46:49.330,480,1,Shampoo*nutribella*celulas madres*caja*12 sobres,77023549564317702354956318
false,2025-03-22T09:48:53.476,481,1,Acond*nutribela*cel*madres*caja*12 sobres,77023549563567702354956479
false,2025-03-22T09:59:01.884,482,1,Trat*nutribela*cel*madres*caja*12 sobres*,77023549572857702354957247
false,2025-03-22T10:00:54.269,483,1,Trat*capilar*nutribela*hialuronico*12 sobres,77023549572927702354957254
false,2025-03-22T10:03:00.654,484,1,Trat*cap*nutribela*enzimoterapia*12 sobres,77023549485287702354949624
false,2025-03-22T10:05:25.662,485,1,Trat*cap*nutribela*nutricion*12 sobres,77023549454287702354942212
false,2025-03-22T10:45:53.660,486,1,Protect*nosotras largos*bolsa*50 uds*familia,7702027440946
false,2025-03-22T10:50:56.328,487,1,Protect*nosotras largos*10 uds,7702027434242
false,2025-03-22T10:54:14.989,488,2,Prot*nosotras*15 uds*familia,7702027434020
false,2025-03-22T10:55:40.334,489,1,Toallas nosotras tanga*10 uds*familia,7702027417535
false,2025-03-22T10:57:33.421,490,2,Toallas nosotras*doble inv*12 uds*familia,7702027440434
false,2025-03-22T11:00:21.221,491,1,Toallas*nosotras inv*clasica*10 uds*familia,7702026177874
false,2025-03-22T11:01:48.572,492,2,Toallas*nosotras inv*clasica*10 uds,7702027041662
false,2025-03-22T11:03:30.793,493,2,Tampones*kotex*medio*4 unidades,7702425551251
false,2025-03-22T11:05:06.051,494,2,Toallas*nosotras materna*10 uds,7702027440106
false,2025-03-22T11:05:57.586,495,2,Toallas*kotex*8 unidades,7702425152540
false,2025-03-22T11:09:44.994,496,2,Toallas*nosotras dia y noche*6 uds,7702027429354
false,2025-03-22T11:11:04.794,497,2,Protect*nosotras lactancia*12 unidades,7702027440175
false,2025-03-22T11:12:14.710,498,2,Tampones*nosotras regular*aplicador*8 uds,7702026181062
false,2025-03-22T11:13:19.070,499,2,Trivag*solucion vaginal*120ml* tridex,7707263009872
false,2025-03-22T11:14:21.931,500,2,Toallas*nosotras buenas noches*4 uds,7702026174323
false,2025-03-22T11:16:08.974,501,2,Toallas*nosotras*delgada alas*8 uds,7702026152253
false,2025-03-22T11:17:18.892,502,2,Prot*nosotras*multiforma*15 uds,7702027444685
false,2025-03-22T11:18:28.285,503,2,Carbomero para cabello*sobre*10ml,7701168006851
false,2025-03-22T11:20:17.493,504,1,Polvo decolorante*plex*10 gr,7707223660228
false,2025-03-22T11:21:54.643,505,1,Tampones nosotras*super*aplicador*unidad,7702026175054
false,2025-03-22T11:24:18.381,506,2,Toallas*kotex*ultraprotect*10 uds,7702425800779
false,2025-03-22T11:25:17.708,507,2,Tapones*nosotras super*8 uds aplicador,7702027435607
false,2025-03-22T11:26:08.599,508,2,Tampones*nosotras regular*sin aplic*12 uds,7702026156312
false,2025-03-22T11:27:21.770,509,2,Jabon intimo*nosotras*18 ml,7702026177164
false,2025-03-22T11:28:35.156,510,2,Pañitos*winny*24 unidades*tq,7701021143655
false,2025-03-22T11:30:27.217,511,2,Pañitos*pequeñin*100 unidades,7702026147631
false,2025-03-22T11:32:45.306,512,2,Pañitos*pequeñin*paquete*24 uds,7702026147594
false,2025-03-22T11:34:15.070,513,2,Pañitos*pequeñin*almendra*unidad,7702026150013
false,2025-03-22T12:18:29.688,514,1,Nivea crema corporal-mil nutritiva  5 en 1-100,ml,7501054549796
false,2025-03-22T12:44:59.492,515,1,Pomys*toallas humedas*28 uds*familia,7702026178031
false,2025-03-22T12:48:21.977,516,2,Hidraplus*75 zinc*fco*400ml*tq,7702057012298
false,2025-03-22T12:50:05.015,517,2,Pedialyte max*surtido*fco*500ml*abbott,75010339615577501033957376
false,2025-03-22T12:53:09.351,518,2,Electrolit*625 ml*frasco*surtido* pisa,75011251764947501125184864750112517647075011251765487501125185182
false,2025-03-22T12:54:37.980,519,2,Agua cristal*fco*300ml*,7702090073065
false,2025-03-22T12:59:16.065,520,2,Bedoyecta*tri*caja*3 uds*humax,7707288826935
false,2025-03-22T13:00:06.638,521,2,Mesigyna*inyectable* bayer,7501303495447
false,2025-03-22T13:01:02.018,522,2,Nofertyl*caja*1 ampolla*lafrancol,7702870002636
false,2025-03-22T13:02:05.641,523,2,Facetix*caja*21 tbs* lafrancol,7707189520222
false,2025-03-22T13:03:56.163,524,2,Primosiston*caja*30 tbs* bayer,7896006202516
false,2025-03-22T13:05:13.193,525,2,Sinovul*caja* 21 tbs*abott,7702870003596
false,2025-03-22T13:06:08.236,526,2,Facetix suave30*caja*28 tabletas*abbott,7702870071526
false,2025-03-22T13:08:21.354,527,2,Test*embarazo cassette*,7708211573469
false,2025-03-22T13:09:14.864,528,2,Test*embarazo*cassette*,7709299854204
false,2025-03-22T13:11:34.166,529,2,Microgynon suave*caja*21 tabletas*tecnofarma,7703331105118
false,2025-03-22T13:12:21.181,530,2,Activa 21*caja*21 tabletas*faes farma,7707274721053
false,2025-03-22T13:15:28.051,531,2,Syvitears*gotas oftalmicas*15 ml,7709718381281
false,2025-03-22T13:16:30.744,532,2,Ocutrix*gotas oftalmicas* 5 ml,77052797
false,2025-03-22T13:17:30.454,533,2,Gentamicina*gotas oftalmicas*6 ml*colmed,7703153013271
false,2025-03-22T13:18:39.037,534,2,Prednisolona*oftalmico*10ml* la sante,7703763481804
false,2025-03-22T13:21:25.177,535,2,Tikoj*cromoglicato*4% oftalmico*5 ml*blaskow,7702896425853
false,2025-03-22T13:31:04.770,536,2,Vaporal-inalador nasal-en llavero,HL16338
false,2025-03-22T13:34:46.401,537,2,Eyes flex*gotas oftalmicas*5 ml*,7709179121846
false,2025-03-22T13:35:37.413,538,2,Oftalmotrimax*gotas oftalmicas*5 ml,7706309001030
false,2025-03-22T13:36:31.397,539,2,Polioftal*gotas oftalmicas*fc*5ml,7702896001170
false,2025-03-22T13:37:31.841,540,2,Tobroptic compto*gotas oftalmicas*5ml,7702896001156
false,2025-03-22T13:38:32.668,541,2,Terravital*unguento* oftalmico*10 gramos,7709990697889
false,2025-03-22T13:39:30.496,542,2,Wassertrol*gotas oftalmicas*5 ml,7703197053059
false,2025-03-22T13:58:03.781,543,2,Iverblas*ivermectina*gotas orales*5ml,7702896002313
false,2025-03-22T13:59:00.022,544,2,Triclimbac*gotas oticas*10 ml,7707019413908
false,2025-03-22T14:00:13.380,545,2,Oximetazolina*0.05%*nasal*15ml*la sante,7703763334018
false,2025-03-22T14:01:26.412,546,2,Prestiblock*timolol 0.5% oftalmico*5ml,7702896001897
false,2025-03-22T14:02:39.217,547,2,Cromoglicato 2% oftalmico*5ml*expo farma,77015174
false,2025-03-22T14:03:56.559,548,2,Oximetazolina 0.025% nasal pediatrico*15 ml,7709930569450
false,2025-03-22T14:05:14.297,549,2,Trimicort*clobetasol*crema*40 grs*,7709990383669
false,2025-03-22T14:06:11.971,550,2,Benlic*bet/clot/gent*crema*40 gras,7709990202793
false,2025-03-22T14:07:10.880,551,2,Neotrisona*neo/clot/betam*crema*20 gram,7707308210010
false,2025-03-22T14:08:08.113,552,2,Mexsana medical*bifonazol*crema*15 grs,7702123013419
false,2025-03-22T14:09:25.334,553,2,Dkg*neo/clot/betam*crema*20 grs,7707040610338
false,2025-03-22T14:10:17.571,554,2,Dermakron*bet/clot/gent*tubo*20 gramos,7707269910165
false,2025-03-22T14:11:17.698,555,2,Ketoconazol 2% crema*30 grs*anglopharma,7707035540404
false,2025-03-22T14:12:15.865,556,2,Fungisterol*ketoconazol*crema*30 grs,7707019335002
false,2025-03-22T14:14:22.765,557,2,Skinder*bet/neom/clot*crema*20 grs,7709830214061
false,2025-03-22T14:15:16.254,558,2,Trinsicon*clot/neom/dexam*tubo*20 grs,7707035511510
false,2025-03-22T14:16:10.406,559,2,Dermaskin*clot/neom*dexam*tubo*20 grs,7703712012097
false,2025-03-22T14:18:17.592,560,2,Dermaskin*clot/neom/dexam*tubo*40 grs,7703712012110
false,2025-03-22T14:19:11.761,561,2,Derprosol*clobetasol*tubo*40 grs,7709990498516
false,2025-03-22T14:20:46.134,562,2,Nitrofurazona 0.2%*tubo * 40 grs,7709321847433
false,2025-03-22T14:21:53.204,563,2,Piroxicam*05%crema*30 grs*cospharma,7703712033511
false,2025-03-22T14:23:06.546,564,2,Gyno confort*clotrimazol*2% tubo*20 grs,7709990802337
false,2025-03-22T14:28:00.124,565,2,Clotrimazol 2%*tubo*20 gramos*memphis,7704412118546
false,2025-03-22T14:29:05.953,566,2,Lindazol 2%*clot/clind*tubo*20 grs,7709233974401
false,2025-03-22T14:30:39.410,567,2,Merey unguento*4.35 gramos,7706976000343
false,2025-03-22T14:31:44.878,568,2,Doloran*pomada*10 gramos,7706933000119
false,2025-03-22T14:34:19.306,569,2,Pomada verde indu*12 gramos,541
false,2025-03-22T14:35:30.097,570,2,Crema calendula*20 gramos,826
false,2025-03-22T14:36:36.738,571,2,Pomada de azufre*12 gramos,4650
false,2025-03-22T14:38:28.969,573,2,Concha de nacar*12 gramos,6542
false,2025-03-22T14:39:23.292,574,2,Gel de calendula*110 gramos,7707223662901
false,2025-03-22T14:39:58.754,575,2,Gel de arnica*110 gramos,7707223661928
false,2025-03-22T14:43:05.397,576,2,Aciclovir*800mg*caja*10 tbs*ag,7706569022707
false,2025-03-22T14:50:56.920,577,2,Fosfonicole*frasco*360ml,7709564313306
false,2025-03-22T14:52:45.789,578,1,Multi*soluter*50 ml,7707277580459
false,2025-03-22T14:58:19.399,579,1,Recolector orina 24 horas,7708379271627
false,2025-03-22T15:53:23.161,580,2,Acetato de aluminio*frasco*120ml*wildlife,7707242970575
false,2025-03-22T16:06:54.472,581,2,Aciclovir*unguento 5%*tubo*15 gramos* gf,7702605100156
false,2025-03-22T16:09:11.043,582,2,One1night*bebida caliente*caja*30 sobres,77095219955457709521995590
false,2025-03-22T16:20:14.906,583,2,Viok vaporub*40 gramos* maxidescuentos,7501001246488
false,2025-03-22T16:48:14.130,584,2,Dolex gripa*caja*100 tabletas*glaxo,7451079001529
false,2025-03-22T16:50:30.752,585,2,Dolex*500 mg*caja*100 tabletas*glaxo,7703363005554
false,2025-03-22T16:55:38.409,586,2,Congestex*caja*60 cpsulas*novamed,7703546030601
false,2025-03-24T15:12:37.916,587,2,Noraver*gripa*caja*16 capsulas*tq,7702057160692
false,2025-03-24T15:14:34.381,588,2,Noraver*gripa y tos *caps liquidas*tq,7702057161934
false,2025-03-24T15:16:08.555,589,2,Migrinon*caja*5 tabletas*sanofi,7703202121803
false,2025-03-24T15:20:32.219,590,2,Sinutab*plus ns*caja*12 tbs* jj,7501007532554
false,2025-03-24T15:22:49.639,591,2,Advil gripa*caja*20 cpsulas*,7702132010966
false,2025-03-24T15:26:53.909,592,2,Noxpirin dia*sobres*caja*24 uds*siegfried,77073550534487707355053424
false,2025-03-24T15:29:04.462,593,2,Pax noche*sobres*24 uds* eurofarma,77061270063787706127006781
false,2025-03-24T15:32:13.856,594,2,Pax dia*sobres*caja*24 uds*sanofi,77062632006167706263202603
false,2025-03-24T15:33:53.334,595,2,Noraver gripa dia*caja*6 sobres*tq,7702057160821
false,2025-03-24T15:35:37.535,596,2,Noraver gripa noche*caja*6 sobres*tq,77020571609757702057160968
false,2025-03-24T15:39:59.968,597,2,X ray dol* caja*48 uds* coaspharma ,650240074660
false,2025-03-24T15:56:03.685,598,2,Lumbal*caja * 48 tbs* abbott,7702870001974
false,2025-03-24T16:56:57.988,599,2,Dolorsin*400mg*caja * 48 cps liquidas,7703546041485
false,2025-03-24T17:07:09.260,600,2,Dolex forte*caja* 50 tbs* glaxo,7707397791605
false,2025-03-24T17:09:41.573,601,2,Movidol*muscular*caja* 8 tabletas* abbott,7702870135860
false,2025-03-24T17:12:25.677,602,2,Apronax liquido*275mg*caja*20 capsulas*bayer,77021230111187702123006916
false,2025-03-24T17:21:11.367,603,2,Apronax*550mg*caja*60tabletas* bayer,7702123005513
false,2025-03-25T10:49:09.224,604,2,Hidroxido de aluminio*fco*360ml*anglopharma,7707035510056
false,2025-03-25T10:54:35.479,605,2,Gastrofull*doble accion*24 sobres*coaspharma,7703712014541
false,2025-03-25T10:56:13.381,606,2,Genoprazol plus*caja*10 sobres*coaspharma,650240073205
false,2025-03-25T11:03:49.123,607,2,Gazolex*caja*12 sobres* ruecam,5421
false,2025-03-25T11:06:52.796,608,2,Gastacid*caja* 12 sobres* biochem,7703234104461
false,2025-03-25T11:09:44.093,609,2,Gastrum plux*caja*10 sobres*lafrancol,7702870071854
false,2025-03-25T11:25:32.085,610,2,Flatucid*suspension*fco*350ml*bioquifar,7707019368284
false,2025-03-25T11:26:37.559,611,2,Calendula jarabe*fco*360ml*cofarnat,7702796816935
false,2025-03-25T11:28:50.356,612,2,Hidroxido de aluminio*fco*360ml*coaspharma,7703712035485
false,2025-03-25T11:29:35.098,613,2,Hidroxido de aluminio*fco*150ml*coaspharma,7703712030091
false,2025-03-25T11:38:51.826,614,2,Cronofen*500mg*acetaminofen**novamed,7703546020008
false,2025-03-25T11:41:10.489,615,2,Crema forz*caja*24 sobres*gerco,7707210530114
false,2025-03-25T11:46:43.783,616,2,Mentolado osa*pote*15 grs* osa,7705137405508
false,2025-03-25T11:55:37.453,617,2,Vapor indio*unguento*caja*12 uds,177098509239407709850923943
false,2025-03-25T12:00:00.358,618,2,Vick vaporub lata*12 gramos*tq, 750043510702075916565
false,2025-03-25T12:09:14.166,619,2,Vick vaporub*pote*50 gramos*tq,7500435107013
false,2025-03-25T13:20:44.838,620,2,Vick vaporub*30 gramos*,7590002012468
false,2025-03-25T13:23:40.462,621,2,Spabolaz*fibra*caja*12 sobres* laquifar,7707019479706
false,2025-03-25T13:25:06.237,622,2,Menticol locion*fco*60ml*azul,7702277813347
false,2025-03-25T13:29:16.825,623,2,Agujas para insulina*caja*100 uds*glucoquick,7703153035792
false,2025-03-25T13:32:44.196,624,2,Alcohol*osa*frasco*120ml,7705137100151
false,2025-03-25T13:36:20.296,625,2,Miel de abejas bolsa*20 uds,4598
false,2025-03-25T13:38:06.073,626,2,Dioxogen liquido*fco*120 ml*jgb,7702560000027
false,2025-03-25T13:41:03.249,627,2,Suero oral sobres surtidos*rociphar,7707186900812770718690087477071869008367707186900508
false,2025-03-25T13:49:11.801,628,2,Alcohol*frasco*345 ml*remy,7702576000080
false,2025-03-25T13:56:53.570,629,2,Advil children*jarabe*60ml*,7702132009731
false,2025-03-25T14:10:02.788,630,2,Aspirina 100*caja *140 tabletas*bayer,7702123006817
false,2025-03-25T14:15:36.036,631,2,Advil max* caja* 40 cap* procaps,7702132009588
false,2025-03-25T14:18:45.070,632,2,Advil ultra*caja*40 capsulas*,7702132008598
false,2025-03-25T14:33:41.342,633,2,Duraflex muscular*caja*6 capsulas*tq,7702057091163
false,2025-03-25T14:44:38.675,634,2,Dolex niños 2+*caja*20 tbs mast* gsk,7451079000874
false,2025-03-25T14:46:47.690,635,2,Dolex bebes*1-24 meses*frasco*60 ml*,7441026003348
false,2025-03-25T14:48:05.412,636,2,Dolex niños*2+* frasco* 90 ml,7707172685778
false,2025-03-25T14:50:46.051,637,2,Dolex niños* 7+*frasco*120ml,7501043130769
false,2025-03-25T15:46:45.014,638,2,Dosaldin*isom/dipirona/cafeina*caja*20 tbs,7707019402063
false,2025-03-25T15:49:57.373,639,2,Genoprazol*20mg*caja*14 caps*genoma,650240003950
false,2025-03-25T15:55:16.344,640,2,Buscapina compuesta*caja*100 tbs,77032022213127703202221343
false,2025-03-25T16:04:53.526,641,2,Buscapina fem*caja*24 tabletas,7703202221268
false,2025-03-25T16:08:31.704,642,2,Calmidol capsulas*caja*48 capsulas,7706263200364
false,2025-03-25T16:10:28.691,643,2,Calmidol max*caja*48 tbls*sanofi,7706263200388
false,2025-03-25T16:12:01.928,644,2,Cafiaspirina forte*caja*12 tabletas*bayer,7702123012221
false,2025-03-25T16:16:01.774,645,2,Dolorsin fem*caja*36 capsulas*novamed,7703546043601
false,2025-03-26T09:45:56.782,646,2,Noraver garganta*t*masticable*surtda*tq,77020571624127702057162405
false,2025-03-26T09:53:14.141,647,2,Sevedol*azul*caja*24 tbs*abbott,7702870001929
false,2025-03-26T10:01:23.144,648,2,Sevedol extra fuerte*rojo*cja*60tbs*abbott,7702870070888
false,2025-03-26T10:03:48.479,649,2,Leche magnesia mk*fco*360ml* tq,7702057557171
false,2025-03-26T10:05:31.533,650,2,Hidroxido magnesio*fco*120ml* cospharma,7706659501709
false,2025-03-26T10:32:40.011,651,2,Acetato de aluminio locion*fco*,77072429705757707356660102
false,2025-03-26T10:50:02.652,652,2,Yodinfex*yodopovidona*sol*fco*120ml*laproff,7703038020196
false,2025-03-26T10:53:01.760,653,2,Acido retinoico*locion*fco*60 ml*quifarma,7704190028921
false,2025-03-26T10:54:18.927,654,2,Agua florida*fco*90cc*damasco,7705137720007
false,2025-03-26T11:04:25.956,655,2,Bactroderm*yodopovidona*bucal*60ml,7702184020333
false,2025-03-26T11:05:54.035,656,2,Bactroderm*yodopovidona*espuma*60ml,7702184020326
false,2025-03-26T11:09:09.754,657,2,Yodinflex*yodopovidona*solucion*60ml,7703038020035
false,2025-03-26T11:10:19.112,658,2,Agua oxigenada*frasco*120ml*osa,7705137110013
false,2025-03-26T11:20:57.412,659,2,Agua oxigenada*jgb*fco*120ml,7702560000010
false,2025-03-26T11:26:29.298,660,2,Micropore 1/2*1 yarda* alphapore,7708580111996
false,2025-03-26T11:30:19.411,661,2,Micropore*1*1 yarda* alphapore,7708580111330
false,2025-03-26T11:36:45.737,662,2,Esparadrapo tela 1/2*1 yarda* blanco,8120
false,2025-03-26T11:42:40.956,663,2,Esparadrapo tela*1*1 yardas*blanco,9143
false,2025-03-26T11:49:00.233,664,2,Microporosa* 1/2*1 yarda,7541
false,2025-03-26T11:53:53.194,665,2,Microporosa*1*1 yardas*,9674
false,2025-03-26T11:56:43.121,666,2,Gasa esteril*3*3 yardas*sobre*5 unidades,77072829909917707282991004
false,2025-03-27T09:34:10.144,667,2,Guantes latex*talla m* caja* 100 uds,7707270363660
false,2025-03-27T09:36:04.002,668,2,Guantes latex*talla s y m* unidad,77020375103707709373102115
false,2025-03-27T09:37:30.982,669,2,Guantes nitrilo*talla l*100 uds,7707270361086
false,2025-03-27T09:39:45.537,670,2,Aposito ocular*niños*caja*20 uds,7707282990670
false,2025-03-27T09:41:26.894,671,2,Aposito adulto*caja*20 unidades,7707282990687
false,2025-03-27T09:44:02.085,672,2,Curas*cureban*caja*100 unidades*tq,7702057648930
false,2025-03-27T09:46:57.901,673,2,Curas color piel*caja*10 unidades*begut,77072829904107707282990380
false,2025-03-27T09:55:07.541,674,2,Curas redondas*caja*10 uds,7709122432463
false,2025-03-27T10:11:07.618,675,2,Tobillera universal*advance,7707355401089
false,2025-03-27T10:12:55.041,676,1,Jeringa de 50 mml*,7707270363189
false,2025-03-27T10:14:38.222,677,2,Tapabocas niños*caja*50 unidades,7707282990465
false,2025-03-27T10:54:21.358,678,2,Tapabocas adultos*caja*50 unidades,7707270365435
false,2025-03-27T11:02:37.365,679,1,Jeringa 3 ml aguja corta,7709990913125
false,2025-03-27T11:06:13.336,680,1,Cateter*surtidos*,770722836259277072284131027707228362578
false,2025-03-27T11:08:29.519,681,1,Cicatricure*gel cicatrices*sobre*8 gramos,650240063862
false,2025-03-27T11:14:44.394,682,2,Aromaticas surtidas*caja*20 sobres,7707187252071
false,2025-03-27T11:17:22.086,683,2,Jeringa de 20 ml* caja*50 unidades,7707270363172
false,2025-03-27T11:21:49.131,684,1,Jeringa de 10 ml*caja*100 unidades,7707270361239
false,2025-03-27T14:22:02.189,685,2,Botiquin de primeros auxilios,2548
false,2025-03-27T14:24:34.771,686,2,Venovit*5% bolsa*500ml* quibi,7707229970291
false,2025-03-27T14:26:06.136,688,2,Gasa 1/2*1 yd* medispo,7707270363707
false,2025-03-27T14:28:10.296,689,2,Gasa 1 yarda* sanatex,1471
false,2025-03-27T14:35:40.683,690,2,Gasa a yarda * 45 cms* sanatex,3245
false,2025-03-27T14:37:45.303,691,2,Alumbre en barra,7707199119355
false,2025-03-27T14:38:49.406,692,2,Dolpack*frasco*8 ml,7709990001129
false,2025-03-27T14:43:44.244,693,2,Gorros desechables no tejido*azul,9841
false,2025-03-27T15:02:23.488,694,2,Equipo macrogoteo,7707710160088
false,2025-03-27T15:04:52.790,695,2,Gorros quirurgicos*azul,5478
false,2025-03-27T15:06:55.497,696,2,Bota desechable manga corta,98745
false,2025-03-27T15:13:44.462,697,2,Lactato de ringer*bolsa*500 ml*baxter,7707141349359
false,2025-03-27T15:16:13.401,698,2,Narciso negro*frasco*350ml*osa,7704768900550
false,2025-03-27T15:18:12.605,699,2,Alhucema*frasco*350 ml* osa,7704768900567
false,2025-03-27T15:21:30.495,700,2,Vinagre blanco*frasco*500 ml,7707191475350
false,2025-03-27T15:37:37.105,701,2,Vinagre de manzana*frasco*500 ml,7702714600035
false,2025-03-27T15:39:23.752,702,2,Vino blanco*frasco*187 cm,7707223210317
false,2025-03-27T15:40:36.655,703,2,Miel de abejas*la camelia*frasco*500 g,7707227080039
false,2025-03-27T15:42:36.638,704,2,Equipo buretrol*150ml,7702037102759
false,2025-03-27T15:45:06.706,705,2,Acido muriatico*frasco*500ml,7703714000849
false,2025-03-27T15:46:30.117,706,2,Formol*frasco*500ml,7703714002331
false,2025-03-27T15:49:23.245,707,2,Aceite de oliva*frasco*500ml,7703714010848
false,2025-03-27T15:51:22.119,708,2,Aceite de almendras*frasco*120 cc,7703714000269
false,2025-03-27T15:54:14.860,709,2,Especifico*frasco*35 cc,7703714006070
false,2025-03-27T15:58:23.446,710,2,Vaselina pura*tarro*500 gramos,7707615672863
false,2025-03-27T16:02:44.769,711,2,Vaselina babypote*40 gramos,7709134774186
false,2025-03-27T16:17:17.586,712,2,Vaselina pura*45 gramos*osa,7705137400336
false,2025-03-27T16:18:54.326,713,2,Vaselina suave*osito*tapa rosada,7705137400381
false,2025-03-27T16:23:05.728,714,2,Vaselina*40 gramos*lustrapel,7709134774193
false,2025-03-27T16:24:40.660,715,2,Vaselina*50 gramos*nac*de quimicos,7703714003444
false,2025-03-27T16:25:26.091,716,2,Vaselina*30 gramos*nac*quimicos,7703714003413
false,2025-03-27T16:26:50.925,717,2,Vinagre blanco*la constancia*fco*500ml,7702097083098
false,2025-03-27T16:28:50.824,718,2,Aceite de ricino*frasco*120 cc,7703714000627
false,2025-03-27T16:41:00.656,719,2,Aceite de coco*frasco*120 cc,7703714006032
false,2025-03-27T16:43:56.757,720,2,Aceite de oliva*frasco*120 cc,7703714010831
false,2025-03-27T16:48:30.040,721,2,Aceite de oliva*gotas,7703714010824
false,2025-03-27T16:49:19.975,722,2,Aceite de almendras onzas,7703714000276
false,2025-03-27T16:50:29.293,723,2,Aceite cristal onzas,7703714000207
false,2025-03-27T16:51:41.846,724,2,Miel de rosa onzas,7703714002959
false,2025-03-27T16:52:43.747,725,2,Aceite de coco* onzas,7703714011616
false,2025-03-27T16:54:04.505,726,2,Esencia de canela * onzas,2554
false,2025-03-28T14:38:47.728,727,2,Aceite de naranja*fco*120 cc,7703714003758
false,2025-03-28T14:42:18.703,728,2,Violeta de genciana*gotas,7703714003451
false,2025-03-28T14:45:40.851,729,2,Tintura de ruibarba*onzas,7703714003277
false,2025-03-28T14:47:37.232,730,2,Tintura de valeriana *onzas,7703714003321
false,2025-03-28T14:51:14.383,731,2,Tintura de ruibarbo* onzas,77037140032771
false,2025-03-28T14:53:22.595,732,2,Acido acetico*onzas,7703714000757
false,2025-03-28T14:54:43.743,733,2,Glicerina carbonatada*onzas,7703714002409
false,2025-03-28T14:58:47.252,734,2,Glicerina pura*onzas,7703714002454
false,2025-03-28T15:01:53.903,735,2,Sangre de drago gotas,0123
false,2025-03-28T15:03:24.621,736,2,Aceite de ricino*onzas,7703714006292
false,2025-03-28T15:05:00.480,737,2,Tintura de benjui*gotas,7703714001587
false,2025-03-28T15:05:47.543,738,2,Merthiolate*onzas,7703714002911
false,2025-03-28T15:07:43.405,739,2,Merthiolate incoloro*onzas,7703714002874
false,2025-03-28T15:09:55.210,740,2,Percloruro de hierro*onzas,7703714010916
false,2025-03-28T15:11:34.179,741,2,Tintura de arnica*onzas,7703714003123
false,2025-03-28T15:15:24.830,742,2,Yodo blanco*onzas,7703714003543
false,2025-03-28T15:16:36.132,743,2,Yodo negro*onzas,7703714003598
false,2025-03-28T15:17:56.884,744,2,Alcohol yodado*onzas,7703714001174
false,2025-03-28T15:19:21.175,745,2,Formol*onzas,25444
false,2025-03-28T15:20:57.809,746,2,Acetato de amilo*onzas,7703714000702
false,2025-03-28T15:25:34.057,747,2,Agua amoniacal*onzas,7703714001235
false,2025-03-28T15:27:22.507,748,2,Azul de metileno*onzas,7703714001419
false,2025-03-28T15:30:10.479,749,2,Esencia de citronela*onzas,1244
false,2025-03-28T15:32:33.076,750,2,Agua de rosas*onzas,7707615670675
false,2025-03-28T15:51:26.538,751,2,Rhifisol*suero fisiologico*gotas,7707210530206
false,2025-03-29T08:44:55.192,752,2,Sulfatiazol tabletas*unidad,7703714010862
false,2025-03-29T08:52:52.961,753,2,Alcanfor*blister*2 unidades,1265
false,2025-03-29T09:06:26.224,754,2,Naftalina*pepas,1465
false,2025-03-29T09:10:44.392,755,2,Cloruro de magnesio*sobre*33 grs,6980
false,2025-03-29T09:14:47.221,756,2,Azufre*20 gramos,1478
false,2025-03-29T09:17:29.470,757,2,Acido borico*sobre*10gramos,9875
false,2025-03-29T09:20:43.100,758,2,Acido oxalico*10 gramos,5874
false,2025-03-29T09:30:33.556,759,2,Cuajo  marschall,2545
false,2025-03-29T09:32:50.650,760,2,Cremor tartaro*sobre*10 gramos,7709410894768
false,2025-03-29T09:35:37.458,761,2,Borax*sobre*10 gramos,2541
false,2025-03-29T09:41:31.571,762,2,Hojas de boldo*bolsa* 4 gramos,8421
false,2025-03-29T09:56:26.347,763,2,Hojas de sen*bolsa* 4 grs,7584
false,2025-03-29T10:04:21.068,764,2,Linaza*sobre*10 gramos,9745
false,2025-03-29T10:06:44.340,765,2,Sal marina*sobre*15 gramos,7709410895697
false,2025-03-29T10:10:09.531,766,2,Bicarbonato de soda*sobre*15 gramos,7709410894508
false,2025-03-29T10:18:05.066,767,2,Sulfato de magnesia*sobre*20 gramos,5842
false,2025-03-29T10:23:50.803,768,2,Piedra lumbre*sobre* 20 gramos,8742
false,2025-03-29T10:26:00.741,769,2,Sal de Glober- sobres,6421
false,2025-03-29T10:27:59.043,770,2,Acido salicilico-en sobres,6521
false,2025-03-29T10:30:23.268,771,2,Acaciaa de la india ,6522
false,2025-03-29T10:36:20.937,772,2,Blanco de zinc- sobres,6524
false,2025-03-29T10:43:14.578,773,2,Incienso- sobres ,6525
false,2025-03-29T10:48:36.886,774,2,Flor de jamaica,6526
false,2025-03-29T10:52:45.207,775,2,Sal de nitro- sobre,6527
false,2025-03-29T10:53:57.986,776,2,Lactosa,6528
false,2025-03-29T10:56:29.577,777,2,Blanco de zinc- sobre,6529
false,2025-03-29T10:58:42.436,778,2,Tinte de anilina vegetal- surtida,6530
false,2025-03-29T11:01:24.635,779,2,Sal de bigua- sobres- 20g ,6531
false,2025-03-29T11:05:09.733,780,2,Tarro gotero,6532
false,2025-03-29T11:07:45.166,781,2,Piedra   alumbre- 250g ,6533
false,2025-03-29T11:09:01.379,782,2,Piedra  alumbre 500g ,6534
false,2025-03-29T11:10:25.899,783,2,Bicarbonato de soda- 250g ,6535
false,2025-03-29T11:12:17.996,784,2,Bicarbonato de  soda - 500g ,6536
false,2025-03-29T11:13:11.800,785,2,Azufre 500g,6537
false,2025-03-29T11:14:04.611,786,2,Sal marina - 500g ,6538
false,2025-03-29T11:15:32.288,787,2,Sulfato de magnesia 250g,6539
false,2025-03-29T11:18:27.982,788,2,Baselina  pura  lata plastica,6540
false,2025-03-29T11:20:15.891,789,2,Baselina con limom lata plastica,6541
false,2025-03-29T11:21:58.064,790,2,Baselina en pote 50g ,6543
false,2025-03-29T11:23:46.653,791,2,Canula  nasal de  oxigeno,6544
false,2025-03-29T11:27:05.231,792,2,Kit- de micronebulizacion,6545
false,2025-03-29T11:29:37.465,793,2,Polaris- caja 10g- color  negro,7709431242210
true,2025-03-29T11:34:12.370,794,2,Iris en caja  color negro ,7704987004244
false,2025-03-29T11:42:17.182,795,2,Color iris surtido,6566
false,2025-03-29T11:45:05.815,796,2,Venda de yeso- care fast- 6 x 5 yardas,7707200903850
false,2025-03-29T11:46:34.872,797,2,Venda de yeso - kennedy- 6 x 5 yardas ,7702796813002
false,2025-03-29T11:48:22.761,798,2,Tarro recoletor de orina ,6567
false,2025-03-29T11:50:06.404,799,2,Recoletor de muestra coprologica,6568
false,2025-03-29T11:53:07.695,800,2,Aerocamara- adultos - disanfer,7707145302947
false,2025-03-29T11:54:38.865,801,2,Lapiceros ultra- gel color azul,0127708200355926
false,2025-03-29T11:58:16.924,802,2,Lapiceros chino color negro ,6955114619065
false,2025-03-29T12:00:34.676,803,2,Lapiz mirado surtido,7703486011722
false,2025-03-29T12:02:34.706,804,2,Sharpin color negro,6569
false,2025-03-29T12:03:54.119,805,2,Gotero de vidrio ,6570
false,2025-03-29T12:05:05.697,806,2,Hojas de visturi,6571
false,2025-03-29T13:55:36.551,807,1,Schick*exacta*2 hojas*rosada,7502214731303
false,2025-03-29T13:56:46.026,808,2,Schick*xtreme3*3 hojas*,7591066701015
false,2025-03-29T13:57:51.561,809,2,Venus suave*alo vera*rosada,7702018072439
false,2025-03-29T13:59:21.744,810,2,Schick exacta2*2 hojas*verde,7501037608946
false,2025-03-29T14:00:41.074,811,2,Schick*quatro 4 hojas*women,7502214739620
false,2025-03-29T14:01:53.741,812,2,Minora ii*maquina*amarilla,7702018316694
false,2025-03-29T14:02:51.164,813,2,Cera para ortodoncia*proquident*5 uds,7702314142034
false,2025-03-29T14:04:08.891,814,2,Dorco pace3*3hojas,8801038590646
false,2025-03-29T14:05:21.257,815,2,Gillete prestobarba 3 hojas*gris,7702018880409
false,2025-03-29T14:13:12.290,816,2,Schick*xtreme3*rosada,7591066711014
false,2025-03-29T14:13:59.237,817,2,Seda fluo cardent*60 mts*jgb,7702560045790
false,2025-03-29T14:15:23.441,818,2,Probocca-*protector labial*mec*,703980772829
false,2025-03-29T14:21:07.486,819,2,Jeringa insulina*tapa  rosada,7707228363827
false,2025-03-29T14:22:54.060,820,2,Prestobarba*gillete * 2 hojas*azul,7500435154420
false,2025-03-29T14:24:17.852,821,2,Enhebradores*24 unds*yokydent,7709888553570
false,2025-03-29T14:26:04.653,822,2,Seda dental colores*20 mts,3652
false,2025-03-29T14:28:27.217,823,1,Acond*savital*530 ml*surtido,770200620600677020062029237702006299176
false,2025-03-29T14:29:28.510,824,2,Acond*savital*bolsa*340 ml,7702006205993
false,2025-03-29T14:30:36.288,825,2,Trat*capilar*styles xxi*500 grs,7707242970544
false,2025-03-29T14:31:50.601,826,2,Trat*capilar*crece pelo*500ml,7707242972555
false,2025-03-29T14:33:00.982,827,2,Mascarilla capilar*cebolla y ajo*500 ml,7707242972456
false,2025-03-29T14:34:26.050,828,2,Acond*dove reconstruccion*400ml,7791293004976
false,2025-03-29T14:35:36.791,829,2,Acondicionador pantene*surtido* 400ml,750043502029975010011652537501006721317
false,2025-03-29T14:36:48.952,830,2,Tratamiento capilar*cola caballo*500ml,7707242970957
false,2025-03-29T14:37:47.332,831,2,Crema de peinar sedal rizos*pote*300 ml,7501056340131
false,2025-03-29T14:40:51.859,832,2,Champu*pantene*200ml*bambu,7500435155830
false,2025-03-29T14:42:15.589,833,2,Shampo h*s* 2 en 1*tarro*200 ml,7500435019811
false,2025-03-29T14:43:26.755,834,2,Shampo*h*s*anti comezon*180ml,7500435231244
false,2025-03-29T14:44:34.896,835,2,Shampo*babaria*manzanilla*600 ml,8410412020305
false,2025-03-29T14:48:51.025,836,2,Shampo h*s* 2 en 1*pote* 375 ml,7500435019828
false,2025-03-29T14:55:22.136,837,2,Shampo*h*s*limpieza renov*375 ml,7500435020008
false,2025-03-29T14:56:50.730,838,2,Angi fin*solucion para uñas*30 ml*,5423
false,2025-03-29T14:57:57.267,839,2,Desodorante*spray*axe*152ml,7791293025889
false,2025-03-29T14:59:18.523,840,2,Desod*gillette*gel*45 gramos,75004351409287500435129947
false,2025-03-29T15:00:54.930,841,2,Desod*lady speed stick*100 gramos*crema,7702010231506
false,2025-03-29T15:37:09.387,842,2,Yodora*rollon*surtida*30 gramos,77020570868247702057086831
false,2025-04-05T12:26:40.189,843,2,Matrimios y tripletas en pastillas,2025
true,2025-04-08T12:44:55.554,844,1,Prueba ,9**
false,2025-04-08T12:58:40.172,845,2,Rexona v8 30g hombre,78930841
false,2025-04-08T13:13:12.492,846,2,Rexona bamboo  y aloe vera x 30,ml,78924222
false,2025-04-08T13:21:35.076,847,2,Dove desodrante 30g mini rolon,78931633
false,2025-04-08T13:28:15.819,848,2,Rexona men+ care 30g mini rolon,78931640
false,2025-04-08T14:52:09.945,849,2,Desodorante clinical crema-x 30g lady speed stick- ,7702010470486
false,2025-04-08T14:57:27.774,850,2,Desodorante lady speed stick-30g-crema talc,7702010972287
false,2025-04-08T15:01:03.360,851,2,Desodorante rexona clinical 30g-dama,7702006206815
false,2025-04-08T15:06:09.782,852,2,Des-rexona clinical-men- 60g ,7702006208024
false,2025-04-08T15:27:54.785,853,2,Des-speed stick-xtreme bloc,7501033204920
false,2025-04-08T16:08:45.915,854,2,Des-speed stick clinical- antibacterial-30g ,7702010470479
false,2025-04-09T12:15:12.698,855,1,Rexona  men spray 260ml- bayer,7702123011545
false,2025-04-09T12:20:18.516,856,2,Mascarilla de ajo 80ml,7707242976195
false,2025-04-09T12:22:41.966,857,2,Sobre tratamiento-keratina-anti frizz,7707242979943
false,2025-04-09T12:24:54.980,858,2,Sobre tratamiento zanahoria,7707242973729
false,2025-04-09T12:28:15.342,859,2,Talco mexana 85g-bayer-corriente,697024
false,2025-04-09T12:40:15.989,860,1,Espuma gillette-56g ,7500435188463
false,2025-04-09T12:44:40.309,861,2,Enjuague bucal-whole-fresh niño,7704768004821
false,2025-04-09T12:47:36.915,862,1,Crema fluo-cardent -triple-accion- 50ml- jgb,7702560041792
false,2025-04-09T12:51:20.987,863,1,Crema flou-cardent- 75ml-tripleaccion-jgb,7702560049996
false,2025-04-09T12:55:09.557,864,1,Crema fluo-cardent-50ml-triple accion-jgb,7702560042010
false,2025-04-09T12:59:51.751,865,1,Crema colgate 22g -triple accion,7702010111464
false,2025-04-09T13:03:59.057,866,1,Crema colgate 50ml-triple- accion,7702010631382
false,2025-04-09T13:06:33.160,867,1,Crema colgate,7509546652139
false,2025-04-09T13:08:35.404,868,1,Crema colgate-150ml-triple- accion,7509546000350
false,2025-04-09T13:12:19.029,869,1,Crema colgate total prevencion activa 63ml,7509546666396
false,2025-04-09T13:20:03.061,870,2,Jabon-canela52g -,7707354390193
false,2025-04-09T13:24:50.887,871,2,Jabon dove-90g- surtido,7891150019560
false,2025-04-09T13:28:29.978,872,2,Jabon palmolive 110g-surtido,7509546690261
false,2025-04-09T13:30:57.064,873,2,Jabon carey 110g surtido,7702310022354
false,2025-04-09T13:39:17.049,874,2,Jabon rexona 110g-surtido,7702006302081
true,2025-04-09T13:43:53.413,875,2,Jabon johnsons 110g-surtido,7702031407362
true,2025-04-09T13:48:32.453,876,2,Jabon protex-110g- surtido,7702010420917
false,2025-04-09T13:49:58.494,877,2,Jabon neko 110g- surtido,7702031245315
false,2025-04-09T14:45:35.628,878,1,Gel ego for men sobre 25g ,7702006204057
false,2025-04-09T14:48:07.128,879,1,Gel ego for men  80g- sobre,7702006204040
false,2025-04-09T14:50:43.621,880,1,Cera ego  para peinar 15g ,7702006406352
false,2025-04-09T14:54:19.947,881,1,Gel ego pote 110g- ,7702006298940
false,2025-04-09T14:57:55.443,882,1,Gel ego pote 110g,7702006299923
false,2025-04-09T15:01:22.064,883,2,Loccion caladerm 120ml- ,7707210530015
false,2025-04-09T15:04:15.609,884,2,Shompoo koniscap- medicado 100ml,7708480649858
false,2025-04-09T15:10:15.539,885,2,Shampoo medicasp- 100ml,5024002915
false,2025-04-09T15:12:26.049,886,2,Shampoo fungisterol-medicado- 100ml,7707019334203
false,2025-04-09T15:15:09.426,887,1,Jabon intimo ellas 200ml-,7702108207819
false,2025-04-09T15:31:24.738,888,1,Jabon intimo nosotras 200ml surtido,7702026194536
false,2025-04-09T15:46:22.546,889,1,Jabon intimo nosotras 130ml,7702026181789
false,2025-04-09T16:51:09.435,890,2,Repelente-rapelen full loccion -120ml,7705137203012
false,2025-04-09T16:52:44.236,891,2,Cera capila-bachue 100ml,7707283837011
false,2025-04-10T11:00:17.589,892,2,Preservativo today surtido,7702003985812
false,2025-04-10T11:07:59.594,893,2,Preservativo haway surtido,7702132000271
false,2025-04-10T11:11:26.532,894,2,Preservativo duo x 3 u,i-suritdo,4005800108532
false,2025-04-10T11:16:07.314,896,2,Preservativo today x 3 ui- surtido,7702132019938
false,2025-04-10T11:54:42.221,897,2,Preservativo tulip x 3,4892587020979
false,2025-04-10T11:59:08.498,898,2,Retardante en tubo gel- 10ml,7708487175251
false,2025-04-10T12:06:45.281,899,2,Rino en crema  surtido-20g,0000000000222
false,2025-04-10T12:27:24.460,900,2,Retardante rino en spray surtido- 10ml,2356
false,2025-04-10T12:37:09.636,901,2,Lubricante caja en  spray 3,5ml-euforia,642
false,2025-04-10T12:47:31.043,902,2,Retardante liquido  x 30ml surtido,4444
false,2025-04-10T12:52:51.231,903,2,Gel lubricante caliente y frio surtido 30ml,5501
false,2025-04-10T12:59:07.385,904,2,Gel lubricante intimo- sobre-kristel- 5ml- cereza,7709209475734
false,2025-04-10T13:06:47.484,905,2,Limpiador de juguetes eroticos-100ml,SR1767
false,2025-04-10T13:10:23.280,906,2,Feromonas spray 100ml- surtido,967247
false,2025-04-10T13:12:29.263,907,2,Dados  con  aceite- 15ml,3169726
false,2025-04-10T13:16:24.780,908,2,Pate cabra,0021
false,2025-04-10T13:18:17.712,909,2,Kit de manicuire,HL16411
false,2025-04-10T13:19:45.537,910,2,Depilador,999
false,2025-04-10T13:21:03.167,911,2,Acuarela,716189315087
false,2025-04-10T13:22:48.774,912,2,Porta cepillo,7707193620437
false,2025-04-10T13:25:22.400,913,2,Kit pinceles -para el rostro,HL15713
false,2025-04-10T13:28:04.753,914,2,Kit de pedicuire,7500311053397
false,2025-04-10T13:31:15.295,915,2,Limas - para uñas,9987
false,2025-04-10T13:34:21.628,916,2,Cauchos para el cebello,999887
false,2025-04-10T13:37:00.564,917,2,Moñas- moños,0001
false,2025-04-10T13:46:12.020,918,1,Crema pons- 8,5g- surtida,7702006402576770200640260677020064026137702006402620
false,2025-04-10T16:10:16.123,919,2,Pirsis surtido,HL7676
false,2025-04-10T16:16:53.330,920,2,Crema wildlife  exfoliante-cuidado natural 250g ,7707242972753770724297944877072429727397707242972722770724297941777072429727777707242979455
false,2025-04-10T16:21:20.413,921,2,Tratamiento  y mascarilla surtida 80ml,7707242976195770724297994377072429737297707242976218
false,2025-04-10T16:23:36.286,922,2,Repelente mosquitos - uot,7707223662284
false,2025-04-10T16:28:12.364,923,1,Autobronceador nude crema - 20ml,77020442524237702044239363
false,2025-04-10T16:32:40.617,924,1,Protector solar sunday loccion 10g ,77073550513457707355051369
false,2025-04-10T16:36:59.944,925,1,Protector solar - sundark 60% 10g ,77070164049547707016404466
false,2025-04-10T16:39:26.372,926,2,Balao  aceite bronceador 240ml,7704768004333
false,2025-04-10T16:42:50.395,927,1,Protector solar sun-sol-kren 50%- 60ml,7707263008707
false,2025-04-10T16:45:37.599,928,1,Protector solar sun-kren-100% ,7707263005034
false,2025-04-11T09:19:11.118,929,2,Protector solar en tubo x 100ml - be-beauty-50%,7704269095120
false,2025-04-11T09:23:13.720,930,2,Vitamina c  en frasco - bioaoua- x 100g ,6941349381846
false,2025-04-11T09:26:20.009,931,2,Protector solar kids en tubo  - sun sol  x  60ml,7707263004754
false,2025-04-11T09:37:30.009,932,2,Protector solar sun-sol kidsen sobre  x 10ml,77072630073357707263008417
false,2025-04-11T09:55:07.274,933,2,Crema exfoliante x 490ml- wildlife- surtida,77072429707667707242970728770724297078077072429708107707242970797770724297936377072429793567707242979370
false,2025-04-11T10:16:48.900,934,2,Loccion prints x 30ml,1958
false,2025-04-11T10:19:13.036,935,2,Manteca de cacao en barra ,77073300500357707355960210
false,2025-04-11T10:58:51.839,936,2,Loccion expreession sens -esika 50 ml,003322
false,2025-04-11T11:17:04.727,937,2,Aceite corporal surtido x 250,ml- jazmin-wildlife,77072429798687707242979721
false,2025-04-11T11:19:55.829,938,2,Aceite corporal x 100,ml- wildlife,77072429797387707242979875
false,2025-04-11T11:36:58.926,939,2,Crema exfloliante million  x  500,ml,69720384030756972038403082697203840517869720384052396972038405154697203840521569720384051926972038405246
false,2025-04-11T12:05:43.443,940,2,Despigmentador cutaneo noche x 10g- arawak,77070164862717707016496065
false,2025-04-11T12:08:39.528,941,2,Despigmentador cutaneo dia x 10g,77070164227987707016434982
false,2025-04-11T12:15:06.217,942,1,Crema-dream-bb x 30g- arawak,30330
false,2025-04-11T12:19:01.736,943,2,Crema para agne-tender x 30g,6947790780719
false,2025-04-11T12:21:31.231,944,1,Crema divina x 30g ,7702065110337
false,2025-04-11T12:27:00.054,945,2,Vitamina c- bioaoua x 20g,6941349379263
false,2025-04-11T12:30:00.101,946,2,Loccion con vitamina c- 100,ml- bioaou,6941349379256
false,2025-04-11T12:39:18.953,947,2,Crema cacao en labial,7708580111958
false,2025-04-11T12:43:56.730,948,2,Crema de cacao de sabores surtidos ,7708580111262
false,2025-04-11T12:57:48.538,949,2,Sorel- loccion  x 120,7703451000010
false,2025-04-11T13:00:33.209,950,1,Crema  teatrical   antiarrugasx 100g ,650240032691
false,2025-04-11T13:02:24.184,951,2,Crema  teatrical humectante x 100g,650240032677
false,2025-04-11T13:06:00.122,952,2,Base liquida-rostro 30g,6972123010232
false,2025-04-11T13:09:57.963,953,2,Tinte color 1 para cejas surtida x 0,7g ,77072236684157707223662949
false,2025-04-11T13:15:39.705,954,2,Pinta uñas- surtido,7703799114615770379911412777037991149127703799116572770379911491277037991145477703799114615
false,2025-04-11T13:24:36.514,955,1,Esmaltes para uñas-nails  surtidos,7707302541028770730254001477073025401067707302540045770730254012077073025410427707302540489
false,2025-04-11T13:30:11.840,956,1,Esmaltes vogue 10ml surtido,770243329870477024333224857702433290050770243332244777024332989267702433289795
false,2025-04-11T13:34:35.235,957,1,Esmalte- admiss- 10ml- surtido,770736336845977073633600027707194531428770719453066777073633651207707194534801
false,2025-04-11T13:39:56.928,958,1,Esmalte danny 8ml- surtido,L1224
false,2025-04-11T13:42:59.768,959,1,Esmalte avon  color,trend 10ml-,7909189051380
false,2025-04-11T14:22:02.130,960,2,Labial de aloe vera-magic x 10ml,FL331T05
false,2025-04-11T14:23:51.211,961,2,Labial magico- surtido,20CO
false,2025-04-11T14:25:55.898,962,2,Loccion uñas de acero,7707302543190
false,2025-04-11T14:28:07.097,963,2,Removedor de esmaltes  x 90ml,4700
false,2025-04-11T14:29:35.327,964,2,Removedor danny surtido,3000
false,2025-04-11T14:34:52.864,965,2,Polvo vogue-mate-natural-14g-,7702433292689
false,2025-04-11T14:36:40.211,966,2,Polvo -rubor impacto-bardot 10g,7703799211314
false,2025-04-11T14:41:21.159,967,2,Labial- bardo legend 10g  surtido,770379933201977037993320647703799332026
false,2025-04-11T14:42:39.185,968,2,Lapiz mariposa surtido,6100
false,2025-04-11T14:55:06.410,969,2,Polvo- sombra bardo- surtido,77037992205147703799220019
false,2025-04-11T14:57:01.572,970,2,Polvo nailen surtido,770218602174177021860217657702186021758
false,2025-04-11T14:58:33.865,971,2,Barra silicona ,400
false,2025-04-11T15:00:13.930,972,2,Caimanes para el cabello- surtido,800
false,2025-04-11T15:07:15.758,973,2,Panuelos faciales-cuidado gripal-FAMILIA,7702026032944
false,2025-04-11T15:08:54.139,974,2,Pañuelos faciales-surtido familia,7702026032616
false,2025-04-11T15:11:45.790,975,2,Piedra pome- economica,1200
false,2025-04-11T15:22:38.359,976,2,Beton-negro 16g-platino,6901997603424
false,2025-04-11T15:25:33.864,977,2,Betun cafe-beibol 20g,7702140010187
false,2025-04-11T15:27:26.355,978,2,Candelas ,6554743235990
false,2025-04-11T15:30:07.198,979,2,Betin negro liquido 60ml- beisbol,7702140010880
false,2025-04-11T15:33:28.666,980,2,Peineta grande ,2000A
false,2025-04-11T15:35:58.832,981,2,Peineta negra cabo delgado ,A1000
false,2025-04-11T15:37:24.664,982,2,Peineta negra pequeña ,A600
false,2025-04-11T15:38:58.086,983,2,Espejo pequeño,A700
false,2025-04-11T15:44:04.736,984,2,Desodorante rexona clinical women 8,5g,77020062054507702006205535
false,2025-04-11T15:47:13.829,985,1,Desodorante rexona  men  v8- sobre- 8,5g,77020062054297702006205511
false,2025-04-11T15:59:06.122,986,1,Desodorante rexona clinical- men 8,5g,77020062054677702006205542
false,2025-04-11T16:01:19.702,987,1,Desodorante lady speed-stick -8g,75095466882517501033210792
false,2025-04-11T16:06:18.084,988,2,Desororante-sobre speed stick,75095466882687501033210808
false,2025-04-12T10:55:41.606,989,1,Shampoo savital sobre  x  100ml- surtido,7702006205955770200620283177020064060007702006202848
false,2025-04-12T10:58:19.569,990,1,Crema de peinar sobre x 95 ml- surtida,77020064065057702006406055
false,2025-04-12T11:03:44.941,991,1,Desodorante-lady-speed-stick-120g-crema-,75095466804777501033207280
false,2025-04-12T11:13:39.066,992,1,Desodorante lady-speed-stick- aloe vera 14g-,77020100518387702010470240
false,2025-04-12T11:21:19.843,993,1,Desodorante crema- spick-stick-men-9g-,75010332107787509546688299
false,2025-04-12T11:34:34.791,994,1,Desodorante-dove-crema-tono uniforme 8,5,77020062044087702006204392
false,2025-04-12T11:38:40.649,995,1,Desodorante-balance-crema-normal-8g,77020451982637702045807677
false,2025-04-12T11:43:38.610,996,1,Desodorante-balance-clinical-women-care-9g,77020459806397702045790290
false,2025-04-12T11:46:55.462,997,1,Desodorante-balance-clinical-men-9g,77020454534237702045442755
false,2025-04-12T11:55:16.224,998,1,Desodorante-lady speed-stick-talco-9g,75010332045007509546657882
false,2025-04-12T12:00:25.568,999,2,Shampoo-gamaderm-piojos-12g,77073550535097707355053523
false,2025-04-12T12:04:56.292,1000,2,Crema  antitrasnpirante- nivea  natural-9g,4005900894458
false,2025-04-12T12:28:39.431,1001,2,Shampoo-restauracion-konzil- 20g,77020459158157702045228991
false,2025-04-12T12:34:53.376,1002,1,Tratamiento capilar-savital 33g- surtido,770200665349777020064066667702006406659770200640667377020066534287702006653503
false,2025-04-12T12:38:28.373,1003,1,Creama-de peinar-konzil-aceite de almendras-20g,77020458498377702029211773
false,2025-04-12T12:41:07.636,1004,1,Shampoo-konzil-20g,77020294829447702045050868
false,2025-04-12T12:42:48.032,1005,1,Acondicionador-konzil- 20g,77020290415787702045481013
false,2025-04-12T12:44:44.028,1006,1,Crema de peinar-konzil-20g,77020292648237702029337039
false,2025-04-12T12:52:55.197,1007,1,Acondicionador-tradicional-maria-salome-20g,77096438277627707188220123
false,2025-04-12T12:59:31.088,1008,2,Silicona-capilar-8g,7709385751585
false,2025-04-12T13:02:08.675,1009,1,Crema de peinar sedal-rizos-18g,7702006400114
false,2025-04-12T13:06:02.622,1010,2,Silicona capilar  de agar- 8g,7709977445304
false,2025-04-12T13:15:40.995,1011,1,Crema de peinar savital-22g,77020062022757702006202954
false,2025-04-12T13:17:55.400,1012,1,Acondicionador -savital- 22g,77020062077997702006301725
false,2025-04-12T13:23:34.469,1013,1,Shampoo savital- 25,ml- surtido,7702006406512770200640670377020062023677702006202978
false,2025-04-12T13:25:53.229,1014,1,Shampoo- savital  anticaspa 27ml ,77020062079357702006207973
false,2025-04-12T13:32:18.109,1015,1,Shampoo tio nacho- anti-canas -18ml,7756459001053
false,2025-04-12T13:38:40.716,1016,1,Shampoo tio nacho  aclarante-ant-caida 18g,650240057540
false,2025-04-12T14:06:15.833,1017,1,Shampoo pantene-pro,v-18ml- surtido,750043519150075004352096877500435108294
false,2025-04-12T14:08:29.893,1018,1,Acondicionador-pantene-reparacion 18ml,7500435153683
false,2025-04-12T14:12:23.985,1019,1,Shampoo head and shoulders control caspa-33ml-,7500435126601
true,2025-04-12T14:22:51.868,1020,1,Shampoo-head-and-shoulders-surtido18ml-,7501007492568
false,2025-04-12T14:34:42.721,1021,1,Shampoo head shoulders -18ml- surtido,750043514473575010659222437501007492568
false,2025-04-12T14:40:33.131,1022,1,Tratamiento dove+hialuronico 22ml,7702006208123
false,2025-04-12T14:54:03.766,1023,1,Shampoo sedal+keratina+ceramidas-surtido- 24ml,77020062076697702006207683
false,2025-04-12T14:58:15.932,1024,2,Tetero pequeño  surtido de 4,oz ,777
false,2025-04-12T15:00:34.928,1025,2,Tetero grande surtido de 12,oz,7778
false,2025-04-12T15:03:04.075,1026,2,Tetero popocho  mediano surtido  de 10,oz,77799
false,2025-04-12T15:06:31.042,1027,2,Tetero grande surtido baby-love 9,oz ,77710
false,2025-04-12T15:09:29.735,1028,2,Recolector de leche  materna -yoky,7708978686747
false,2025-04-12T15:12:37.911,1029,2,Chupo grande ,77711
false,2025-04-12T15:15:10.112,1030,2,Chupo medino ,77712
false,2025-04-12T15:16:25.388,1031,2,Chupo pequeño- o normal,77713
false,2025-04-12T15:22:33.708,1032,2,Jabom johnson surtido 11g,7702031407362770203140103277020314010497702031414360770203141434677020314143467702031414575
false,2025-04-12T15:30:11.304,1033,2,Jabon protex surtido,750954669353875095466935527702010420917
